"avg_type","id","player","team","pos","points","sd_pts","dropoff","floor","ceiling","points_vor","floor_vor","ceiling_vor","rank","floor_rank","ceiling_rank","pos_rank","tier"
"average","0532",NA,"HOU","DST",126.513333333333,14.7023898284145,6.88666666666667,111,146.72,8.43000000000001,5.4375,13.56,84,95,66,1,1
"robust","0532",NA,"HOU","DST",124.6,11.623584,4.89999999999999,111,146.72,8.8,5.4375,13.56,84,95,66,1,1
"robust","0511",NA,"DEN","DST",119.7,15.352323,3.90000000000001,105.5625,131.8525,3.90000000000001,0,-1.3075,95,103,108,2,2
"average","0511",NA,"DEN","DST",119.626666666667,11.2935409268602,1.54333333333334,105.5625,131.8525,1.54333333333334,0,-1.3075,98,103,108,2,2
"average","0515",NA,"SEA","DST",118.083333333333,18.1752762473275,2.26333333333334,102.0625,144.4375,0,-3.5,11.2775,103,110,70,3,3
"robust","0510",NA,"PIT","DST",115.8,6.983046,1.325,106.975,123.805,0,1.41249999999999,-9.355,103,102,134,3,3
"average","0510",NA,"PIT","DST",115.82,7.13010518856489,3.14333333333333,106.975,123.805,-2.26333333333334,1.41249999999999,-9.355,107,102,134,4,4
"robust","0515",NA,"SEA","DST",114.475,12.565035,3.32499999999999,102.0625,144.4375,-1.325,-3.5,11.2775,107,110,70,4,4
"robust","0524",NA,"MIN","DST",111.15,2.44629,0.590000000000003,104.625,125.4,-4.64999999999999,-0.9375,-7.76,117,107,129,5,4
"average","0524",NA,"MIN","DST",112.676666666667,8.9398918710836,1.72666666666666,104.625,125.4,-5.40666666666667,-0.9375,-7.76,118,107,129,5,5
"average","0501",NA,"BUF","DST",110.95,13.5698931462263,0.913333333333341,96.5875,129.7875,-7.13333333333333,-8.97499999999999,-3.3725,119,125,116,6,6
"robust","0514",NA,"LAC","DST",110.56,3.18759000000001,0.635000000000005,105.3,117.08,-5.24,-0.262500000000003,-16.08,119,104,152,6,5
"robust","0501",NA,"BUF","DST",109.925,9.155055,0.670000000000002,96.5875,129.7875,-5.875,-8.97499999999999,-3.3725,120,125,116,7,5
"average","0514",NA,"LAC","DST",110.036666666667,5.37431546028577,0.946666666666658,105.3,117.08,-8.04666666666667,-0.262500000000003,-16.08,122,104,152,7,6
"average","0518",NA,"PHI","DST",109.09,17.8673724984957,0.596666666666664,95.6,133.16,-8.99333333333333,-9.96250000000001,0,124,126,103,8,7
"robust","0528",NA,"LAR","DST",109.255,8.043105,2.245,100.6875,117.9075,-6.545,-4.875,-15.2525,124,115,147,8,6
"average","0528",NA,"LAR","DST",108.493333333333,7.54628827084327,1.30666666666667,100.6875,117.9075,-9.58999999999999,-4.875,-15.2525,125,115,147,9,8
"average","0522",NA,"DET","DST",107.186666666667,8.53740397701003,1.17666666666668,98.0625,118.7925,-10.8966666666667,-7.5,-14.3675,126,120,145,10,9
"robust","0522",NA,"DET","DST",107.01,8.539776,0.609999999999985,98.0625,118.7925,-8.79000000000001,-7.5,-14.3675,128,120,145,9,7
"robust","0521",NA,"CHI","DST",106.4,10.74885,0.500000000000014,90.08,115.08,-9.39999999999999,-15.4825,-18.08,129,144,158,10,8
"average","0531",NA,"BAL","DST",106.01,10.7164826319087,0.469999999999999,94.6,117.84,-12.0733333333333,-10.9625,-15.32,133,130,148,11,9
"robust","0518",NA,"PHI","DST",105.9,11.71254,0.224999999999994,95.6,133.16,-9.90000000000001,-9.96250000000001,0,133,126,103,11,8
"robust","0531",NA,"BAL","DST",105.675,13.19514,1.27499999999999,94.6,117.84,-10.125,-10.9625,-15.32,134,130,148,12,9
"average","0507",NA,"CLE","DST",105.54,10.6657395430415,0.72999999999999,95.4,118.84,-12.5433333333333,-10.1625,-14.32,135,127,144,12,10
"robust","0507",NA,"CLE","DST",104.4,12.30558,0.466666666666669,95.4,118.84,-11.4,-10.1625,-14.32,137,127,144,13,9
"average","0521",NA,"CHI","DST",104.81,11.5628932365563,0.963333333333338,90.08,115.08,-13.2733333333333,-15.4825,-18.08,138,144,158,13,11
"robust","0509",NA,"JAC","DST",103.933333333333,2.86636000000001,1.48333333333335,100.973333333333,107.373333333333,-11.8666666666667,-4.58916666666667,-25.7866666666667,139,114,189,14,10
"average","0509",NA,"JAC","DST",103.846666666667,3.15282941710035,0.796666666666653,100.973333333333,107.373333333333,-14.2366666666667,-4.58916666666667,-25.7866666666667,141,114,189,14,11
"robust","0504",NA,"NE","DST",102.45,16.20976,1.04999999999998,89.1733333333333,116.16,-13.35,-16.3891666666667,-17,144,147,155,15,11
"average","0506",NA,"CIN","DST",103.05,15.6751395528078,1.00333333333334,90.64,124.27,-15.0333333333333,-14.9225,-8.88999999999999,145,142,131,15,12
"average","0504",NA,"NE","DST",102.046666666667,11.8391441132091,0.0533333333333275,89.1733333333333,116.16,-16.0366666666667,-16.3891666666667,-17,147,147,155,16,12
"average","0526",NA,"ATL","DST",101.993333333333,10.7587390834924,0.173333333333346,91.325,117.25,-16.09,-14.2375,-15.91,148,140,151,17,12
"robust","0529",NA,"NO","DST",101.4,8.30255999999999,1,94.4,111.52,-14.4,-11.1625,-21.64,148,131,171,16,12
"average","0529",NA,"NO","DST",101.82,7.79628116476054,0.879999999999995,94.4,111.52,-16.2633333333333,-11.1625,-21.64,150,131,171,18,13
"robust","0523",NA,"GB","DST",100.4,16.90164,0.200000000000003,83.32,124.92,-15.4,-22.2425,-8.24,150,169,130,17,12
"robust","0526",NA,"ATL","DST",100.2,7.26473999999999,1.125,91.325,117.25,-15.6,-14.2375,-15.91,151,140,151,18,13
"average","0523",NA,"GB","DST",100.94,18.5574243902542,0.0499999999999972,83.32,124.92,-17.1433333333333,-22.2425,-8.24,153,169,130,19,13
"robust","0506",NA,"CIN","DST",99.075,11.41602,1.37500000000001,90.64,124.27,-16.725,-14.9225,-8.88999999999999,153,142,131,19,14
"average","0517",NA,"NYG","DST",100.89,18.6354635037608,3.26,86.54,126.04,-17.1933333333333,-19.0225,-7.12,154,160,125,20,14
"robust","0508",NA,"TEN","DST",97.7,10.42762,0.399999999999991,80.92,109.253333333333,-18.1,-24.6425,-23.9066666666667,158,177,182,20,15
"robust","0520",NA,"WAS","DST",97.3,25.64898,0.549999999999997,75.12,121.88,-18.5,-30.4425,-11.28,159,192,139,21,15
"robust","0525",NA,"TB","DST",96.75,8.37668999999999,1.05,88.36,104.78,-19.05,-17.2025,-28.38,160,155,196,22,16
"average","0520",NA,"WAS","DST",97.63,21.2572223020789,0.279999999999987,75.12,121.88,-20.4533333333333,-30.4425,-11.28,164,192,139,21,14
"average","0525",NA,"TB","DST",97.35,7.28422954058972,0.666666666666671,88.36,104.78,-20.7333333333333,-17.2025,-28.38,166,155,196,22,15
"robust","0517",NA,"NYG","DST",95.7,4.4478,0.200000000000003,86.54,126.04,-20.1,-19.0225,-7.12,166,160,125,23,16
"robust","0502",NA,"IND","DST",95.5,7.413,0.474999999999994,84.32,104.36,-20.3,-21.2425,-28.8,167,163,198,24,17
"average","0508",NA,"TEN","DST",96.6833333333333,12.4425345756669,1.46333333333334,80.92,109.253333333333,-21.4,-24.6425,-23.9066666666667,169,177,182,23,16
"robust","0512",NA,"KC","DST",95.025,18.90315,0.358333333333348,80.84,107.42,-20.775,-24.7225,-25.74,171,178,187,25,17
"robust","0519",NA,"ARI","DST",94.6666666666667,19.2738,1.89166666666665,78.32,110.733333333333,-21.1333333333333,-27.2425,-22.4266666666667,174,188,177,26,18
"average","0502",NA,"IND","DST",95.22,8.68918868479676,0.556666666666672,84.32,104.36,-22.8633333333333,-21.2425,-28.8,176,163,198,24,16
"average","0519",NA,"ARI","DST",94.6633333333333,15.0441960015593,1.03333333333333,78.32,110.733333333333,-23.42,-27.2425,-22.4266666666667,178,188,177,25,17
"robust","0527",NA,"CAR","DST",92.775,2.66868,0.575000000000003,79.8,99.39,-23.025,-25.7625,-33.77,178,181,210,27,18
"average","0512",NA,"KC","DST",93.63,12.0610737498782,0.269999999999996,80.84,107.42,-24.4533333333333,-24.7225,-25.74,180,178,187,26,17
"robust","0516",NA,"DAL","DST",92.2,14.67774,0.108333333333334,68.44,122.76,-23.6,-37.1225,-10.4,181,206,135,28,19
"average","0516",NA,"DAL","DST",93.36,23.4926158611594,1.65666666666667,68.44,122.76,-24.7233333333333,-37.1225,-10.4,182,206,135,27,18
"robust","0505",NA,"NYJ","DST",92.0916666666667,31.99945,0.0416666666666572,67.24,114.693333333333,-23.7083333333333,-38.3225,-18.4666666666667,183,209,160,29,19
"robust","0503",NA,"MIA","DST",92.05,9.48864000000001,1.65833333333333,73.44,102.58,-23.75,-32.1225,-30.58,184,193,204,30,20
"average","0513",NA,"LV","DST",91.7033333333333,13.3503558005021,0.513333333333335,75.98,104.016666666667,-26.38,-29.5825,-29.1433333333333,188,191,199,28,18
"robust","0513",NA,"LV","DST",90.3916666666667,10.18052,0.89166666666668,75.98,104.016666666667,-25.4083333333333,-29.5825,-29.1433333333333,188,191,199,31,21
"average","0527",NA,"CAR","DST",91.19,8.71524526333023,0.25,79.8,99.39,-26.8933333333333,-25.7625,-33.77,189,181,210,29,19
"average","0503",NA,"MIA","DST",90.94,13.5479887806272,0.356666666666669,73.44,102.58,-27.1433333333333,-32.1225,-30.58,190,193,204,30,19
"average","0505",NA,"NYJ","DST",90.5833333333333,22.1086144598284,2.83333333333333,67.24,114.693333333333,-27.5,-38.3225,-18.4666666666667,191,209,160,31,20
"robust","0530",NA,"SF","DST",89.5,17.49468,0,60.04,110.92,-26.3,-45.5225,-22.24,193,226,176,32,21
"average","0530",NA,"SF","DST",87.75,22.1344753721429,0,60.04,110.92,-30.3333333333333,-45.5225,-22.24,199,226,176,32,20
"weighted","16414","Brandon Aubrey","DAL","K",171.16393856084,12.2660542683099,9.85608751016915,155.047393749699,186.142669894943,27.5369759031676,30.5901491043258,25.7967638964916,45,44,48,1,1
"average","16414","Brandon Aubrey","DAL","K",172.239495382704,10.1095114090847,9.1077197148478,157.748445887745,184.089904542815,26.0759003065781,29.5119950402878,25.6242873456332,48,47,49,1,1
"robust","16414","Brandon Aubrey","DAL","K",173.445935837215,5.46425164215516,8.46663095778496,157.748445887745,184.089904542815,25.4195543098293,29.5119950402878,25.6242873456332,51,47,49,1,1
"weighted","12860","Ka'imi Fairbairn","HOU","K",161.307851050671,6.34960336099216,2.52821981007344,154.54947343019,169.766451330835,17.6808883929984,30.0922287848172,9.42054533238306,61,45,77,2,1
"robust","12437","Jason Myers","SEA","K",164.97930487943,14.776991902466,0.628637827047925,143.981449080735,173.438333846922,16.9529233520444,15.7449982332778,14.9727166497405,62,67,64,2,1
"average","12860","Ka'imi Fairbairn","HOU","K",163.131775667856,5.90965470002166,0.589286712353754,155.385708213256,169.252821583814,16.9681805917303,27.1492573657989,10.7872043866317,63,51,74,2,1
"robust","15979","Cameron Dicker","LAC","K",164.350667052382,2.97154540011736,1.42532983989921,142.1609,168.050183849453,16.3242855249964,13.9244491525424,9.58456665227135,63,76,80,3,1
"average","12437","Jason Myers","SEA","K",162.542488955502,12.4929657051162,3.01430357968525,143.981449080735,173.438333846922,16.3788938793766,15.7449982332778,14.9727166497405,64,67,64,3,1
"weighted","12437","Jason Myers","SEA","K",158.779631240597,13.0650741069574,1.12727154558101,139.331573641928,173.286570764682,15.152668582925,14.8743289965549,12.9406647662304,67,78,68,3,1
"robust","12860","Ka'imi Fairbairn","HOU","K",162.925337212483,6.38840356876402,12.2112491710514,155.385708213256,169.252821583814,14.8989556850972,27.1492573657989,10.7872043866317,68,51,74,4,2
"weighted","15979","Cameron Dicker","LAC","K",157.652359695016,12.852328939104,10.6278702719347,139.902211399631,168.611681901341,14.025397037344,15.4449667542585,8.26577590288903,70,74,82,4,1
"average","15979","Cameron Dicker","LAC","K",159.528185375817,10.9913104536924,12.2264894505199,142.1609,168.050183849453,13.3645902996913,13.9244491525424,9.58456665227135,72,76,80,4,2
"weighted","16681","Will Reichard","MIN","K",147.024489423081,4.83928058197409,0.236436093612781,141.04496474355,151.474199960261,3.39752676540931,16.5877200981767,-8.87170603819038,95,67,122,5,1
"weighted","13354","Harrison Butker","KC","K",146.788053329469,11.6865223742248,2.61839011453287,129.1286609807,159.069307761601,3.16109067179653,4.67141633532702,-1.27659823685116,96,98,105,6,2
"robust","14717","Chase McLaughlin","TB","K",150.714088041431,3.02910815706214,2.24760205323065,128.236450847458,154.315644067797,2.68770651404583,0,-4.1499731293853,97,103,117,5,2
"average","16681","Will Reichard","MIN","K",147.301695925297,4.79127112491884,0.209619519593588,141.410405008489,151.452511035654,1.13810084917142,13.1739541610313,-7.01310616152827,99,78,123,5,2
"weighted","14717","Chase McLaughlin","TB","K",144.169663214936,13.506015176786,0.542700557263657,121.965845269958,152.232846612729,0.542700557263657,-2.49139937541516,-8.11305938572247,99,107,121,7,2
"average","14717","Chase McLaughlin","TB","K",147.092076405704,12.1519258862873,0.564654124379643,128.236450847458,154.315644067797,0.928481329577835,0,-4.1499731293853,100,103,117,6,2
"robust","13719","Eddy Pineiro","SF","K",148.466485988201,2.36868687641138,0.133333468992561,123.9505,152.359903265182,0.440104460815178,-4.28595084745764,-6.10571393200033,101,113,120,6,2
"weighted","11945","Cairo Santos","CHI","K",143.626962657672,12.3621511582494,0.281680877548183,126.04940668,158.571176976633,0,1.59216203462742,-1.77472902181867,101,99,106,8,2
"average","13354","Harrison Butker","KC","K",146.527422281324,11.5517651066822,0.363827205198191,131.867,157.469465647163,0.363827205198191,3.63054915254236,-0.996151550018794,102,97,106,7,2
"robust","13354","Harrison Butker","KC","K",148.333152519208,0.557976389516851,0.306770991822617,131.867,157.469465647163,0.306770991822617,3.63054915254236,-0.996151550018794,102,97,106,7,2
"weighted","17222","Tyler Loop","BAL","K",143.345281780124,21.0208867190625,0.387531311346294,110.940256914803,163.089673184412,-0.281680877548183,-13.5169877305703,2.74376718596,102,126,93,9,2
"average","11945","Cairo Santos","CHI","K",146.163595076126,11.0071001727733,0.420513890279892,130.052895238095,157.364244897959,0,1.8164443906376,-1.10137229922273,103,99,107,8,2
"robust","16846","Jake Bates","DET","K",148.026381527385,5.63941291530804,0.673158479847217,127.402844211239,155.294732227488,0,-0.833606636218647,-3.17088496969373,103,106,114,8,2
"weighted","16846","Jake Bates","DET","K",142.957750468778,13.3765858484105,0.273833907120519,123.294842219318,155.646211837955,-0.669212188894477,-1.16240242605511,-4.6996941604973,103,104,114,10,2
"average","16846","Jake Bates","DET","K",145.743081185846,11.8782284936046,1.26869498766803,127.402844211239,155.294732227488,-0.420513890279892,-0.833606636218647,-3.17088496969373,104,106,114,9,2
"robust","16681","Will Reichard","MIN","K",147.353223047538,3.1777882268251,0.0313228207808152,141.410405008489,151.452511035654,-0.673158479847217,13.1739541610313,-7.01310616152827,104,78,123,9,2
"weighted","16680","Cam Little","JAC","K",142.683916561657,15.3512026784048,0.679147820205174,119.716232575774,160.345905998452,-0.943046096014996,-4.74101206959848,0,104,109,101,11,2
"average","13719","Eddy Pineiro","SF","K",144.474386198178,13.0881981924286,0.0123642348552266,123.9505,152.359903265182,-1.68920887794792,-4.28595084745764,-6.10571393200033,105,113,120,10,2
"robust","11945","Cairo Santos","CHI","K",147.321900226757,9.71757899047623,1.10590022675737,130.052895238095,157.364244897959,-0.704481300628032,1.8164443906376,-1.10137229922273,105,99,107,10,2
"weighted","13719","Eddy Pineiro","SF","K",142.004768741452,15.0823253815087,0.448545589342416,117.456655724226,152.764725169301,-1.62219391622017,-7.00058892114706,-7.58118082915061,105,115,120,12,2
"average","16843","Harrison Mevis","LAR","K",144.462021963323,13.4740556313362,1.23272632091462,125.53210020712,158.15587228479,-1.70157311280315,-2.70435064033791,-0.309744912392233,106,109,104,11,2
"weighted","16843","Harrison Mevis","LAR","K",141.55622315211,15.466743507636,2.47493930724573,122.814705508345,159.394619415858,-2.07073950556259,-1.64253913702808,-0.951286582593383,106,106,104,13,2
"average","17222","Tyler Loop","BAL","K",143.229295642408,20.9713288581039,0.110228182090452,115.459309959104,161.933963985191,-2.93429943371777,-12.7771408883536,3.4683467880088,108,136,95,12,2
"robust","17222","Tyler Loop","BAL","K",146.216,13.1545630863695,1.28545611650486,115.459309959104,161.933963985191,-1.8103815273854,-12.7771408883536,3.4683467880088,109,136,95,11,3
"average","16680","Cam Little","JAC","K",143.119067460317,15.7858034975453,4.19121190243106,122.996377777778,158.91573015873,-3.04452761580822,-5.24007306967985,0.450112961548257,110,116,99,13,2
"weighted","12956","Wil Lutz","DEN","K",139.081283844864,15.3549364047477,3.92146904184401,115.214663144417,151.315856569217,-4.54567881280832,-9.2425815009555,-9.0300494292346,111,120,123,14,2
"robust","16843","Harrison Mevis","LAR","K",144.930543883495,12.3024069481165,0.198758169209441,125.53210020712,158.15587228479,-3.09583764389026,-2.70435064033791,-0.309744912392233,112,109,104,12,3
"robust","16680","Cam Little","JAC","K",144.731785714286,5.90699610000002,0.366743678524529,122.996377777778,158.91573015873,-3.2945958130997,-5.24007306967985,0.450112961548257,113,116,99,13,3
"robust","16896","Spencer Shrader","IND","K",144.365042035761,4.30725251146653,2.5710907386491,62.7866345007655,155.537350147638,-3.66133949162423,-65.4498163466921,-2.9282670495441,114,281,111,14,3
"weighted","14983","Tyler Bass","BUF","K",135.15981480302,17.0071827127997,0.206205472193716,107.08085156439,145.253497266444,-8.46714785465232,-17.3763930809825,-15.0924087320078,118,135,134,15,2
"weighted","17668","Trey Smack","GB","K",134.953609330826,26.022085712722,0.145636500151653,95.2003730755011,161.420940827333,-8.67335332684604,-29.2568715698718,1.075034828881,119,166,98,16,2
"average","12956","Wil Lutz","DEN","K",138.927855557886,15.3247666055384,3.78456345028303,118.053,150.853778927659,-7.23573951823928,-10.1834508474576,-7.61183826952339,120,128,127,14,2
"weighted","8851","Nick Folk","ATL","K",134.807972830674,19.4577650054868,0.0142973173604162,113.171224926957,162.678162028441,-8.81898982699769,-11.2860197184161,2.33225602998931,120,122,96,17,2
"robust","12956","Wil Lutz","DEN","K",141.793951297112,8.48287503785283,0.263709967632309,118.053,150.853778927659,-6.23243023027334,-10.1834508474576,-7.61183826952339,121,128,127,15,3
"weighted","17220","Andres Borregales","NE","K",134.793675513314,10.2246629707495,0.351935837729457,124.457244645373,148.441546662794,-8.83328714435811,0,-11.9043593356583,121,101,130,18,2
"weighted","15368","Evan McPherson","CIN","K",134.441739675585,18.1251803197201,1.16852018473091,106.760484440186,153.474209357786,-9.18522298208757,-17.6967602051872,-6.87169664066576,122,136,118,19,2
"robust","14983","Tyler Bass","BUF","K",141.53024132948,4.4077399700089,3.18146266043638,111.7066,145.077079635394,-6.49614019790565,-16.5298508474576,-13.3885375617884,123,149,141,16,4
"weighted","11936","Chris Boswell","PIT","K",133.273219490854,9.75574933498898,3.224011450549,119.060036425788,141.090707527781,-10.3537431668185,-5.39720821958524,-19.2551984706708,124,110,142,20,3
"average","14983","Tyler Bass","BUF","K",135.143292107603,17.1078816420525,0.0323507359219661,111.7066,145.077079635394,-11.0203029685223,-16.5298508474576,-13.3885375617884,127,149,141,15,2
"average","17220","Andres Borregales","NE","K",135.110941371681,10.5533892527358,0.312709553499587,124.452,147.413605457227,-11.0526537044443,-3.78445084745763,-11.0520117399548,128,111,137,16,3
"average","8851","Nick Folk","ATL","K",134.798231818182,19.383640959509,0.368117345726148,114.671503030303,158.95975,-11.3653632579439,-13.5649478171546,0.494132802818086,129,137,98,17,3
"weighted","13303","Jake Elliott","PHI","K",130.049208040305,14.9279647428971,0.00749770599429667,107.551906372214,142.67988341069,-13.5777546173675,-16.9053382731589,-17.666022587762,129,133,140,21,3
"weighted","13718","Daniel Carlson","NO","K",130.04171033431,18.4029948471845,5.0800940106777,100.347786695969,144.588957368731,-13.5852523233618,-24.1094579494042,-15.7569486297211,130,155,136,22,3
"average","17668","Trey Smack","GB","K",134.430114472456,25.7576978906039,0.114955050304786,100.8144,158.465617197182,-11.73348060367,-27.4220508474576,0,131,189,103,18,3
"robust","17668","Trey Smack","GB","K",138.348778669043,8.9777106315508,1.06786381261392,100.8144,158.465617197182,-9.67760285834203,-27.4220508474576,0,131,189,103,17,4
"average","15368","Evan McPherson","CIN","K",134.315159422151,18.1445648743462,1.05837994204967,110.983598473337,151.368977977528,-11.8484356539748,-17.2528523741207,-7.09663921965381,132,156,124,19,3
"robust","15368","Evan McPherson","CIN","K",137.280914856429,2.57968698127343,0.500825131749025,110.983598473337,151.368977977528,-10.7454666709559,-17.2528523741207,-7.09663921965381,135,156,124,18,4
"average","11936","Chris Boswell","PIT","K",133.256779480101,9.6918985827368,2.10270470429194,120.3784,140.816859834369,-12.9068155960245,-7.85805084745763,-17.6487573628134,136,123,157,20,3
"robust","17220","Andres Borregales","NE","K",136.78008972468,17.5646852887168,0.833195785286506,124.452,147.413605457227,-11.246291802705,-3.78445084745763,-11.0520117399548,136,111,137,19,4
"robust","8851","Nick Folk","ATL","K",135.946893939394,17.4789329909091,0.754711012564655,114.671503030303,158.95975,-12.0794875879915,-13.5649478171546,0.494132802818086,140,137,98,20,4
"weighted","16292","Chad Ryland","ARI","K",124.961616323633,7.93170561498684,0.169910176228129,112.524335540005,131.311776120675,-18.6653463340395,-11.9329091053677,-29.0341298777764,140,124,170,23,3
"weighted","15369","Riley Patterson","MIA","K",124.791706147405,12.8952328402328,0.155014222345088,104.904471581879,136.589570375771,-18.8352565102676,-19.5527730634944,-23.7563356226808,141,143,157,24,3
"weighted","16896","Spencer Shrader","IND","K",124.636691925059,46.0107819252041,0.390166721502567,45.6640807867108,154.767047181017,-18.9902707326127,-78.7931638586621,-5.5788588174351,142,311,116,25,3
"robust","13718","Daniel Carlson","NO","K",135.192182926829,4.82195761463412,1.27378696409636,104.8932,143.637919163763,-12.8341986005561,-23.3432508474576,-14.8276980334188,143,173,146,21,4
"weighted","17726","Drew Stevens","WAS","K",124.246525203557,14.2024273999542,1.94638264264766,102.719803451676,139.053118132495,-19.3804374541153,-21.737441193697,-21.2927878659564,143,150,149,26,3
"average","16896","Spencer Shrader","IND","K",131.154074775809,42.8771232517475,1.09683422054906,62.7866345007655,155.537350147638,-15.0095203003164,-65.4498163466921,-2.9282670495441,144,281,111,21,3
"robust","11936","Chris Boswell","PIT","K",133.918395962733,3.40945834444445,0.254339264759039,120.3784,140.816859834369,-14.1079855646525,-7.85805084745763,-17.6487573628134,146,123,157,22,4
"robust","13303","Jake Elliott","PHI","K",133.664056697974,12.1470919078859,5.94993028287954,110.1064,142.585613186367,-14.3623248294115,-18.1300508474576,-15.8800040108153,147,157,150,23,5
"average","13303","Jake Elliott","PHI","K",130.05724055526,14.9933426203669,0.303132715538965,110.1064,142.585613186367,-16.1063545208655,-18.1300508474576,-15.8800040108153,149,157,150,22,3
"weighted","14600","Joey Slye","TEN","K",122.300142560909,12.0659886353671,1.2755623803138,106.063338339191,138.977961128256,-21.3268200967629,-18.3939063061822,-21.3679448701955,150,138,150,27,3
"average","13718","Daniel Carlson","NO","K",129.754107839721,18.324106582263,4.65873688914716,104.8932,143.637919163763,-16.4094872364044,-23.3432508474576,-14.8276980334188,151,173,146,23,3
"weighted","17736","Dominic Zvada","NYG","K",121.024580180595,32.5013160149136,5.0568303012242,77.7740415458111,150.967379041183,-22.6023824770767,-46.6832030995619,-9.37852695726878,154,197,126,28,4
"weighted","17277","Ryan Fitzgerald","CAR","K",115.967749879371,20.3436287010849,1.82500685970791,83.9257883525741,130.729969626669,-27.6592127783009,-40.5314562927988,-29.6159363717826,164,185,171,29,4
"average","16292","Chad Ryland","ARI","K",125.095370950574,8.03418659307725,0.188715017660058,114.124821041739,131.215147959066,-21.0682241255516,-14.1116298057191,-27.2504692381156,167,139,193,24,3
"average","15369","Riley Patterson","MIA","K",124.906655932914,13.0658757561105,0.983149522657627,107.457,136.238156561845,-21.2569391432117,-20.7794508474576,-22.2274606353371,168,162,175,25,3
"robust","15369","Riley Patterson","MIA","K",127.714126415094,8.4031054562264,0.641573810748014,107.457,136.238156561845,-20.3122551122911,-20.7794508474576,-22.2274606353371,168,162,175,24,5
"weighted","16419","Andre Szmyt","CLE","K",114.142743019663,16.0233862462711,0.389998629572247,89.6338017374571,128.008798418097,-29.4842196380088,-34.8234429079159,-32.3371075803544,169,173,177,30,4
"weighted","14244","Matt Gay","LV","K",113.752744390091,17.0815990925855,5.65232887836402,88.8209596211414,128.146400846438,-29.8742182675811,-35.6362850242316,-32.1995051520136,170,174,176,31,4
"average","17726","Drew Stevens","WAS","K",123.923506410256,14.0406392878897,1.13510319385762,106.04341025641,137.119692307692,-22.2400886658693,-22.1930405910474,-21.3459248894896,173,168,168,26,3
"robust","16292","Chad Ryland","ARI","K",127.072552604346,4.81195673608142,0.906526963320687,114.124821041739,131.215147959066,-20.9538289230391,-14.1116298057191,-27.2504692381156,173,139,193,25,6
"robust","17726","Drew Stevens","WAS","K",126.166025641026,0.885948538461545,3.49508220054113,106.04341025641,137.119692307692,-21.8603558863598,-22.1930405910474,-21.3459248894896,175,168,168,26,6
"average","14600","Joey Slye","TEN","K",122.788403216399,12.5500150344458,2.77472266084324,108.206425433962,137.118909504775,-23.3751918597269,-20.0300254134954,-21.3467076924067,177,161,169,27,4
"weighted","13832","Jason Sanders","NYJ","K",108.100415511727,44.2201852521814,21.800906753405,75.3793568694261,136.164455396427,-35.5265471459451,-49.0778877759468,-24.1814506020245,178,204,160,32,5
"average","17736","Dominic Zvada","NYG","K",120.013680555556,32.672416496372,4.0439200310559,81.9155,149.165626054852,-26.1499145205701,-46.3209508474576,-9.29999114232962,185,229,133,28,4
"robust","14600","Joey Slye","TEN","K",122.670943440485,3.42313786951501,0.334019214042883,108.206425433962,137.118909504775,-25.3554380869009,-20.0300254134954,-21.3467076924067,187,161,169,27,6
"robust","17736","Dominic Zvada","NYG","K",122.336924226442,24.8165188670886,0.58811987861553,81.9155,149.165626054852,-25.6894573009438,-46.3209508474576,-9.29999114232962,189,229,133,28,6
"robust","17277","Ryan Fitzgerald","CAR","K",121.748804347826,10.5236769275362,6.05398582060864,88.007,130.792248447205,-26.2775771795593,-40.2294508474576,-27.6733687499769,192,211,194,29,7
"average","17277","Ryan Fitzgerald","CAR","K",115.9697605245,20.4579727389171,1.7286378110429,88.007,130.792248447205,-30.193834551626,-40.2294508474576,-27.6733687499769,196,211,194,29,4
"average","16419","Andre Szmyt","CLE","K",114.241122713457,16.1746474691136,0.407039641356434,92.9018,127.950622492401,-31.9224723626689,-35.3346508474576,-30.5149947047807,202,202,202,30,4
"average","14244","Matt Gay","LV","K",113.8340830721,17.232543836654,8.30047592924318,91.051,127.708360128377,-32.3295120040254,-37.1854508474576,-30.7572570688045,203,207,206,31,5
"robust","16419","Andre Szmyt","CLE","K",115.694818527217,16.3924223080271,0.814997098646018,92.9018,127.950622492401,-32.331563000168,-35.3346508474576,-30.5149947047807,204,202,202,30,7
"robust","14244","Matt Gay","LV","K",114.879821428571,7.57283375235108,9.3462142857143,91.051,127.708360128377,-33.146560098814,-37.1854508474576,-30.7572570688045,205,207,206,31,8
"average","13832","Jason Sanders","NYJ","K",105.533607142857,44.2201852521814,16.2533602292769,77.3920535714286,133.675160714286,-40.6299879332686,-50.8443972760291,-24.7904564828962,214,238,185,32,6
"weighted","16444","Blake Grupe","NYJ","K",86.299508758322,51.7410784610706,46.299508758322,26.2966012189885,139.542296517369,-57.3274538993501,-98.1606434263844,-20.8036094810831,218,393,147,33,6
"robust","13832","Jason Sanders","NYJ","K",105.533607142857,46.35851925,16.2533602292769,77.3920535714286,133.675160714286,-42.4927743845283,-50.8443972760291,-24.7904564828962,223,238,185,32,9
"average","16444","Blake Grupe","NYJ","K",89.2802469135802,51.5749650387389,49.2802469135802,31.6833333333333,137.746913580247,-56.8833481625454,-96.5531175141243,-20.718703616935,247,465,166,33,7
"robust","16444","Blake Grupe","NYJ","K",89.2802469135803,49.9517225925926,49.2802469135803,31.6833333333333,137.746913580247,-58.7461346138052,-96.5531175141243,-20.718703616935,261,465,166,33,10
"weighted","16286","Jake Moody","BAL","K",40,NA,9,NA,NA,-103.626962657672,NA,NA,408,NA,NA,34,6
"average","16286","Jake Moody","BAL","K",40,NA,9,40,40,-106.163595076126,-88.2364508474576,-118.465617197182,442,410,449,34,8
"weighted","17434","Ben Sauls","NYG","K",31,NA,0.999999999999996,NA,NA,-112.626962657672,NA,NA,444,NA,NA,35,6
"weighted","17424","Charlie Smyth","NO","K",30,NA,0.999999999999996,NA,NA,-113.626962657672,NA,NA,450,NA,NA,36,6
"robust","16286","Jake Moody","BAL","K",40,NA,9,40,40,-108.026381527385,-88.2364508474576,-118.465617197182,455,410,449,34,11
"weighted","11947","Brandon McManus","GB","K",29,NA,1,NA,NA,-114.626962657672,NA,NA,458,NA,NA,37,6
"weighted","13347","Zane Gonzalez","MIA","K",29,NA,0,NA,NA,-114.626962657672,NA,NA,458,NA,NA,37,6
"weighted","15882","Cade York","NYJ","K",28,NA,11,NA,NA,-115.626962657672,NA,NA,465,NA,NA,38,7
"average","17434","Ben Sauls","NYG","K",31,NA,1,31,31,-115.163595076126,-97.2364508474576,-127.465617197182,483,472,467,35,8
"average","17424","Charlie Smyth","NO","K",30,NA,1,30,30,-116.163595076126,-98.2364508474576,-128.465617197182,487,479,470,36,8
"weighted","13980","Michael Badgley","BUF","K",17,NA,6,NA,NA,-126.626962657672,NA,NA,490,NA,NA,39,7
"average","11947","Brandon McManus","GB","K",29,NA,1,29,29,-117.163595076126,-99.2364508474576,-129.465617197182,495,490,473,37,8
"average","13347","Zane Gonzalez","MIA","K",29,NA,0,29,29,-117.163595076126,-99.2364508474576,-129.465617197182,495,490,473,37,8
"robust","17434","Ben Sauls","NYG","K",31,NA,1,31,31,-117.026381527385,-97.2364508474576,-127.465617197182,495,472,467,35,12
"weighted","13403","Younghoe Koo","NYG","K",11,NA,2,NA,NA,-132.626962657672,NA,NA,495,NA,NA,40,8
"weighted","16405","John Parker Romo","ATL","K",9,NA,2,NA,NA,-134.626962657672,NA,NA,496,NA,NA,41,8
"weighted","16775","Joshua Karty","ARI","K",9,NA,0,NA,NA,-134.626962657672,NA,NA,496,NA,NA,41,8
"robust","17424","Charlie Smyth","NO","K",30,NA,1,30,30,-118.026381527385,-98.2364508474576,-128.465617197182,497,479,470,36,12
"weighted","9694","Graham Gano","NYG","K",7,NA,1,NA,NA,-136.626962657672,NA,NA,497,NA,NA,42,8
"average","15882","Cade York","NYJ","K",28,NA,11,28,28,-118.163595076126,-100.236450847458,-130.465617197182,498,501,479,38,9
"weighted","14426","Matthew Wright","BUF","K",6,NA,1,NA,NA,-137.626962657672,NA,NA,498,NA,NA,43,8
"weighted","8930","Matt Prater","BUF","K",5,NA,0,NA,NA,-138.626962657672,NA,NA,499,NA,NA,44,8
"robust","11947","Brandon McManus","GB","K",29,NA,1,29,29,-119.026381527385,-99.2364508474576,-129.465617197182,500,490,473,37,12
"robust","13347","Zane Gonzalez","MIA","K",29,NA,0,29,29,-119.026381527385,-99.2364508474576,-129.465617197182,500,490,473,37,12
"robust","15882","Cade York","NYJ","K",28,NA,11,28,28,-120.026381527385,-100.236450847458,-130.465617197182,503,501,479,38,13
"robust","13980","Michael Badgley","BUF","K",17,NA,6,17,17,-131.026381527385,-111.236450847458,-141.465617197182,518,524,518,39,14
"robust","13403","Younghoe Koo","NYG","K",11,NA,2,11,11,-137.026381527385,-117.236450847458,-147.465617197182,520,525,533,40,14
"robust","16405","John Parker Romo","ATL","K",9,NA,2,9,9,-139.026381527385,-119.236450847458,-149.465617197182,521,526,534,41,14
"robust","16775","Joshua Karty","ARI","K",9,NA,0,9,9,-139.026381527385,-119.236450847458,-149.465617197182,521,526,534,41,14
"robust","9694","Graham Gano","NYG","K",7,NA,1,7,7,-141.026381527385,-121.236450847458,-151.465617197182,522,528,535,42,14
"average","13980","Michael Badgley","BUF","K",17,NA,6,17,17,-129.163595076126,-111.236450847458,-141.465617197182,523,524,518,39,9
"robust","14426","Matthew Wright","BUF","K",6,NA,1,6,6,-142.026381527385,-122.236450847458,-152.465617197182,523,529,536,43,15
"robust","8930","Matt Prater","BUF","K",5,NA,0,5,5,-143.026381527385,-123.236450847458,-153.465617197182,524,530,537,44,15
"average","13403","Younghoe Koo","NYG","K",11,NA,2,11,11,-135.163595076126,-117.236450847458,-147.465617197182,525,525,533,40,9
"average","16405","John Parker Romo","ATL","K",9,NA,2,9,9,-137.163595076126,-119.236450847458,-149.465617197182,526,526,534,41,10
"average","16775","Joshua Karty","ARI","K",9,NA,0,9,9,-137.163595076126,-119.236450847458,-149.465617197182,526,526,534,41,10
"average","9694","Graham Gano","NYG","K",7,NA,1,7,7,-139.163595076126,-121.236450847458,-151.465617197182,527,528,535,42,10
"average","14426","Matthew Wright","BUF","K",6,NA,1,6,6,-140.163595076126,-122.236450847458,-152.465617197182,528,529,536,43,10
"average","8930","Matt Prater","BUF","K",5,NA,0,5,5,-141.163595076126,-123.236450847458,-153.465617197182,529,530,537,44,10
"weighted","13589","Josh Allen","BUF","QB",357.735181058496,14.086800620851,42.5612813370474,343.839165668034,378.061434830824,71.8756128133704,82.9404079552069,65.5483866907484,18,13,23,1,1
"average","13589","Josh Allen","BUF","QB",353.108571428571,14.9902539766915,40.2388571428572,339.74,374.32,68.3797142857143,77.1779999999999,63.0880000000001,19,17,24,1,1
"robust","13589","Josh Allen","BUF","QB",351.675,8.95490400000011,40.3029999999999,339.74,374.32,68.0149999999999,77.1779999999999,63.0880000000001,19,17,24,1,1
"weighted","13593","Lamar Jackson","BAL","QB",315.173899721448,25.204897051588,1.79530640668514,285.240935980468,344.233642827415,29.314331476323,24.342178267641,31.7205946873397,44,58,45,2,1
"average","13593","Lamar Jackson","BAL","QB",312.869714285714,21.4076139548081,2.43514285714281,288.236,342.202,28.1408571428572,25.674,30.97,45,57,45,2,1
"weighted","14783","Jalen Hurts","PHI","QB",313.378593314763,13.9847635019097,2.03658774373264,296.349550550238,329.010134225782,27.5190250696379,35.4507928374106,16.4970860857068,46,40,59,3,1
"robust","13593","Lamar Jackson","BAL","QB",311.372,18.8823936000002,1.73949999999996,288.236,342.202,27.712,25.674,30.97,48,57,45,2,1
"average","14783","Jalen Hurts","PHI","QB",310.434571428571,13.0391045558753,5.32142857142861,297.3258,328.645,25.7057142857144,34.7638,17.4130000000001,49,41,59,3,1
"robust","14783","Jalen Hurts","PHI","QB",309.6325,10.2951743999999,3.44350000000009,297.3258,328.645,25.9725,34.7638,17.4130000000001,50,41,59,3,1
"weighted","16581","Jayden Daniels","WAS","QB",311.342005571031,20.0781779657863,8.45050139275764,290.814365223787,332.852682251561,25.4824373259053,29.9156075109597,20.3396341114852,52,48,57,4,1
"average","16581","Jayden Daniels","WAS","QB",305.113142857143,20.5845379790153,3.27085714285715,287.296,332.748,20.3842857142857,24.734,21.5160000000001,55,59,55,4,1
"robust","16581","Jayden Daniels","WAS","QB",306.189,8.66431439999999,3.99899999999997,287.296,332.748,22.5289999999999,24.734,21.5160000000001,57,59,55,4,1
"robust","16580","Drake Maye","NE","QB",302.19,14.7251832,2.75,272.51,331.814,18.53,9.94799999999998,20.582,61,85,57,5,2
"average","16580","Drake Maye","NE","QB",301.842285714286,22.9280408067958,2.4122857142857,272.51,331.814,17.1134285714286,9.94799999999998,20.582,62,85,57,5,1
"weighted","16580","Drake Maye","NE","QB",302.891504178273,27.9035186771891,1.26385097493039,266.114019220326,338.13151168141,17.0319359331476,5.21526150749901,25.6184635413343,62,97,49,5,1
"robust","17032","Jaxson Dart","NYG","QB",299.44,27.012972,0.53000000000003,276.692,321.324,15.78,14.13,10.092,65,73,79,6,2
"average","16579","Caleb Williams","CHI","QB",299.43,21.7110697571538,0.821000000000026,277.202,322.592,14.7011428571429,14.64,11.3600000000001,66,71,69,6,1
"robust","16579","Caleb Williams","CHI","QB",298.91,24.625986,1.67149999999998,277.202,322.592,15.2499999999999,14.64,11.3600000000001,66,71,69,7,2
"weighted","14777","Joe Burrow","CIN","QB",301.627653203343,20.6751900363231,3.52783426183845,279.101286902744,325.571224249723,15.7680849582172,18.2025291899172,13.0581761096472,66,65,67,6,1
"average","14777","Joe Burrow","CIN","QB",298.609,18.2815445189951,0.0169999999999391,280.7935,324.5915,13.8801428571429,18.2315,13.3595,70,64,67,7,1
"average","17032","Jaxson Dart","NYG","QB",298.592,20.3646929758344,7.42571428571432,276.692,321.324,13.8631428571429,14.13,10.092,71,73,79,8,2
"robust","14777","Joe Burrow","CIN","QB",297.2385,15.5435784,7.61649999999997,280.7935,324.5915,13.5785,18.2315,13.3595,71,64,67,8,3
"weighted","16579","Caleb Williams","CHI","QB",298.099818941504,21.5717778959783,0.456392757660183,275.663207163848,322.328005485302,12.2402506963788,14.7644494510212,9.81495734522667,74,79,74,7,1
"weighted","17032","Jaxson Dart","NYG","QB",297.643426183844,19.9207728339546,4.54713788300836,276.049652053327,322.312039268654,11.7838579387186,15.1508943404993,9.79899112857805,76,76,75,8,2
"weighted","15237","Trevor Lawrence","JAC","QB",293.096288300836,19.7262671577504,2.17999303621167,271.541689869321,316.675903651644,7.23672005571024,10.6429321564935,4.16285551156824,87,85,88,9,2
"average","12620","Dak Prescott","DAL","QB",291.166285714286,14.1772130043753,0.197285714285726,277.408,311.584,6.4374285714286,14.846,0.352000000000089,89,70,100,9,2
"average","15237","Trevor Lawrence","JAC","QB",290.969,17.2751973457131,1.65499999999997,274.163,315.9195,6.24014285714287,11.6009999999999,4.6875,90,82,91,10,2
"robust","12620","Dak Prescott","DAL","QB",289.622,15.8667852,1.257,277.408,311.584,5.96199999999999,14.846,0.352000000000089,90,70,100,9,3
"robust","14779","Justin Herbert","LAC","QB",288.365,31.416294,0.41500000000002,262.562,316.548,4.70499999999998,0,5.31600000000003,93,103,89,10,3
"weighted","12620","Dak Prescott","DAL","QB",290.916295264624,17.1541009699216,2.82683844011143,276.922324884331,312.513048140075,5.05672701949857,16.0235671715041,0,93,72,101,10,2
"robust","16582","Bo Nix","DEN","QB",287.95,32.379984,0.693999999999903,245.502,316.598,4.28999999999996,-17.06,5.3660000000001,94,154,88,11,3
"average","14779","Justin Herbert","LAC","QB",289.314,25.7691604442209,2.58800000000002,262.562,316.548,4.5851428571429,0,5.31600000000003,96,103,89,11,2
"robust","15237","Trevor Lawrence","JAC","QB",287.256,9.03792959999992,3.59600000000006,274.163,315.9195,3.59600000000006,11.6009999999999,4.6875,96,82,91,12,3
"average","16582","Bo Nix","DEN","QB",286.726,31.9074181030055,1.99714285714288,245.502,316.598,1.99714285714288,-17.06,5.3660000000001,97,154,88,12,2
"weighted","14779","Justin Herbert","LAC","QB",288.089456824513,25.3276095518573,2.03061281337045,260.898757712827,316.206120234491,2.22988857938714,0,3.6930720944157,97,101,90,11,2
"weighted","13116","Patrick Mahomes","KC","QB",286.058844011142,16.1012560163717,0.199275766016683,269.906481436788,310.281791504669,0.199275766016683,9.00772372396062,-2.23125663540674,100,86,108,12,2
"weighted","16582","Bo Nix","DEN","QB",285.859568245125,31.6778032491046,4.65494428969362,239.483574436069,317.468465637564,0,-21.415183276758,4.95541749748867,101,149,86,13,2
"average","13116","Patrick Mahomes","KC","QB",284.728857142857,13.3921918971289,3.44885714285709,271.733,304.819,0,9.17099999999999,-6.41299999999995,103,87,121,13,2
"robust","9431","Matthew Stafford","LAR","QB",283.66,19.155192,0.841000000000065,245.976,311.232,0,-16.586,0,103,152,103,13,3
"robust","13116","Patrick Mahomes","KC","QB",282.819,6.72210839999999,2.20899999999995,271.733,304.819,-0.841000000000065,9.17099999999999,-6.41299999999995,106,87,121,14,4
"average","9431","Matthew Stafford","LAR","QB",281.28,28.2729128318962,0.983571428571452,245.976,311.232,-3.44885714285709,-16.586,0,111,152,103,14,2
"robust","12611","Jared Goff","DET","QB",280.61,29.340654,0.647500000000036,254.894,306.942,-3.05000000000001,-7.66800000000001,-4.28999999999996,111,122,118,15,4
"weighted","9431","Matthew Stafford","LAR","QB",281.204623955432,28.417154554482,0.260313370473511,241.711114449636,313.728285950687,-4.65494428969362,-19.187643263191,1.2152378106112,113,140,97,14,2
"weighted","15698","Brock Purdy","SF","QB",280.944310584958,11.2802905628686,2.44769498607246,267.103278715296,296.199181101963,-4.91525766016713,6.20452100246922,-16.3138670381126,114,93,137,15,3
"average","15698","Brock Purdy","SF","QB",280.296428571429,9.22495154200718,0.810428571428588,269.4595,293.1275,-4.43242857142855,6.89750000000004,-18.1045,115,92,159,15,2
"robust","15698","Brock Purdy","SF","QB",279.9625,4.98894899999993,13.8275,269.4595,293.1275,-3.69750000000005,6.89750000000004,-18.1045,115,92,159,16,5
"weighted","12611","Jared Goff","DET","QB",278.496615598886,23.3722009631296,12.3063231197772,253.043921215325,308.064066582383,-7.36295264623959,-7.85483649750199,-4.44898155769238,115,116,112,16,3
"average","12611","Jared Goff","DET","QB",279.486,23.5572054794282,12.838,254.894,306.942,-5.24285714285713,-7.66800000000001,-4.28999999999996,117,122,118,16,3
"weighted","14056","Kyler Murray","MIN","QB",266.190292479109,32.547748683218,0.229428969359276,219.359098443878,303.328137768404,-19.6692757660168,-41.5396592689496,-9.18491037167172,145,189,124,17,3
"weighted","17039","Tyler Shough","NO","QB",265.960863509749,22.5358988696524,1.88571030640674,245.66603174276,299.118766869979,-19.898704735376,-15.2327259700668,-13.3942812700965,146,129,132,18,3
"weighted","14782","Jordan Love","GB","QB",264.075153203343,16.3115810499206,1.30519498607242,249.92337894748,289.979681460014,-21.7844150417828,-10.9753787653471,-22.5333666800619,152,121,155,19,3
"average","17039","Tyler Shough","NO","QB",266.648,22.453104907785,0.506000000000029,246.012,295.604,-18.0808571428571,-16.55,-15.628,155,151,149,17,3
"robust","13590","Baker Mayfield","TB","QB",266.135,19.985448,0.00499999999999545,240.26,292.678,-17.525,-22.302,-18.554,156,170,161,17,5
"weighted","13590","Baker Mayfield","TB","QB",262.76995821727,25.7058994861152,10.1305153203342,239.625846518636,292.424332531283,-23.0896100278552,-21.2729111941912,-20.0887156087921,156,148,145,20,4
"robust","14056","Kyler Murray","MIN","QB",266.13,21.290136,1.88999999999999,225.662,300.13,-17.53,-36.9,-11.102,157,205,138,18,5
"average","14056","Kyler Murray","MIN","QB",266.142,32.4173220670678,1.79400000000004,225.662,300.13,-18.5868571428571,-36.9,-11.102,158,205,138,18,3
"robust","17039","Tyler Shough","NO","QB",264.24,23.0396039999999,3.70000000000005,246.012,295.604,-19.42,-16.55,-15.628,161,151,149,19,6
"average","14782","Jordan Love","GB","QB",264.348,16.3069469858708,0.225999999999942,250.856,286.384,-20.3808571428572,-11.706,-24.848,163,135,186,19,3
"average","13590","Baker Mayfield","TB","QB",264.122,26.0556494833654,10.706,240.26,292.678,-20.6068571428571,-22.302,-18.554,165,170,161,20,4
"weighted","15694","Malik Willis","MIA","QB",252.639442896936,13.0046624621807,7.11071030640673,240.692631729585,267.79992542808,-33.2201253481894,-20.2061259832425,-44.7131227119957,173,146,196,21,4
"robust","14782","Jordan Love","GB","QB",260.54,7.7984759999999,6.23999999999995,250.856,286.384,-23.1200000000001,-11.706,-24.848,180,135,186,20,6
"weighted","16150","C.J. Stroud","HOU","QB",245.528732590529,24.3841735348463,7.23717270194985,221.363740932327,281.339946114656,-40.3308356545961,-39.5350167805004,-31.1731020254197,184,183,175,22,5
"robust","15694","Malik Willis","MIA","QB",254.3,9.99272399999997,10,241.216,267.92,-29.36,-21.346,-43.312,199,165,224,21,7
"weighted","13592","Sam Darnold","SEA","QB",238.291559888579,25.7600717773371,3.89488857938724,214.194635209724,275.428977746548,-47.568008356546,-46.7041225031031,-37.0840703935274,200,198,187,23,5
"average","15694","Malik Willis","MIA","QB",253.416,13.1634448378834,6.99800000000002,241.216,267.92,-31.3128571428571,-21.346,-43.312,201,165,224,21,4
"weighted","16148","Bryce Young","CAR","QB",234.396671309192,10.6689234433829,6.33571030640664,227.648449014431,253.054343947934,-51.4628969359332,-33.2503086983963,-59.4587041921415,203,171,222,24,5
"average","16150","C.J. Stroud","HOU","QB",246.418,24.2601622006119,7.30599999999995,223.03,277.85,-38.3108571428571,-39.532,-33.3820000000001,212,210,209,22,5
"robust","16150","C.J. Stroud","HOU","QB",244.3,24.2405099999999,5.09999999999999,223.03,277.85,-39.36,-39.532,-33.3820000000001,216,210,209,22,8
"weighted","12616","Jacoby Brissett","ARI","QB",228.060961002786,28.6091412208555,8.79162952646237,203.141678470646,273.677604932778,-57.7986072423399,-57.7570792421816,-38.8354432072976,219,228,190,25,6
"average","13592","Sam Darnold","SEA","QB",239.112,25.6770426646061,3.99400000000003,214.708,271.736,-45.6168571428571,-47.854,-39.4959999999999,227,232,220,23,5
"robust","14059","Daniel Jones","IND","QB",239.2,16.6051199999999,2.19999999999993,124.676,254.668,-44.46,-137.886,-56.5639999999999,227,531,247,23,8
"average","16148","Bryce Young","CAR","QB",235.118,11.275343453749,6.83599999999996,227.844,250.64,-49.6108571428571,-34.718,-60.592,233,199,256,24,5
"robust","13592","Sam Darnold","SEA","QB",237,27.4281,5.63000000000005,214.708,271.736,-46.66,-47.854,-39.4959999999999,233,232,220,24,9
"robust","16148","Bryce Young","CAR","QB",231.37,4.26988800000004,10.195,227.844,250.64,-52.29,-34.718,-60.592,241,199,256,25,10
"average","12616","Jacoby Brissett","ARI","QB",228.282,28.599335132132,13.282,205.21,266.756,-56.4468571428571,-57.352,-44.4759999999999,244,256,227,25,6
"weighted","14059","Daniel Jones","IND","QB",219.269331476323,62.3670891116912,7.60701949860723,109.354407316499,255.906551140085,-66.5902367688022,-151.544350396328,-56.6064969999909,247,417,217,26,6
"robust","12616","Jacoby Brissett","ARI","QB",221.175,8.31738599999998,5.51500000000001,205.21,266.756,-62.485,-57.352,-44.4759999999999,268,256,227,26,10
"weighted","7836","Aaron Rodgers","PIT","QB",211.662311977716,17.4482098342638,0.275821727019547,183.814907455231,225.397374688702,-74.1972562674095,-77.0838502575965,-87.1156734513731,275,303,309,27,6
"weighted","17030","Cam Ward","TEN","QB",211.386490250696,16.262459073113,4.37128133704732,197.527854563811,238.716525242956,-74.473077994429,-63.3709031490162,-73.7965228971195,277,243,263,28,7
"average","14059","Daniel Jones","IND","QB",215,65.983600992974,2.608,124.676,254.668,-69.7288571428571,-137.886,-56.5639999999999,285,531,247,26,6
"robust","7836","Aaron Rodgers","PIT","QB",215.66,10.052028,5.80000000000001,188.324,225.096,-68,-74.238,-86.136,287,321,337,27,11
"average","17030","Cam Ward","TEN","QB",212.392,17.1215396503936,0.340000000000003,198.188,235.26,-72.3368571428571,-64.374,-75.972,296,278,307,27,6
"average","7836","Aaron Rodgers","PIT","QB",212.052,17.5674164292875,5.756,188.324,225.096,-72.6768571428571,-74.238,-86.136,298,321,337,28,7
"weighted","11150","Geno Smith","NYJ","QB",207.015208913649,18.9786859988586,35.5032451253482,187.925537751729,228.839401384076,-78.8443593314763,-72.9732199610979,-83.6736467559994,298,283,295,29,8
"robust","17030","Cam Ward","TEN","QB",209.86,11.089848,4.98999999999998,198.188,235.26,-73.8,-64.374,-75.972,307,278,307,28,11
"average","11150","Geno Smith","NYJ","QB",206.296,19.1731030352419,33.978,187.728,227.964,-78.4328571428571,-74.834,-83.268,322,323,330,29,8
"robust","11150","Geno Smith","NYJ","QB",204.87,24.996636,33.26,187.728,227.964,-78.79,-74.834,-83.268,332,323,330,29,12
"weighted","17462","Fernando Mendoza","LV","QB",171.511963788301,25.6934546062987,33.9498604841033,139.841380519553,206.997733662727,-114.347604456825,-121.057377193274,-105.515314477348,455,416,367,30,9
"average","17462","Fernando Mendoza","LV","QB",172.318,26.6192762861803,35.2754137931035,142.44,204.158,-112.410857142857,-120.122,-107.074,467,527,417,30,9
"robust","17462","Fernando Mendoza","LV","QB",171.61,19.288626,44.57,142.44,204.158,-112.05,-120.122,-107.074,473,527,417,30,13
"weighted","14778","Tua Tagovailoa","ATL","QB",137.562103304198,49.1797919355549,16.8213233599078,101.777353458795,215.542332046151,-148.297464940928,-159.121404254032,-96.9707160939249,500,418,342,31,9
"weighted","13113","Deshaun Watson","CLE","QB",120.74077994429,59.1477225883602,13.6766295264624,60.7127101395371,191.223981687851,-165.118788300836,-200.18604757329,-121.289066452224,501,419,386,32,10
"weighted","16583","Michael Penix Jr.","ATL","QB",107.064150417827,81.831353651522,8.73671309192203,32.112125534158,216.914590915963,-178.795417827298,-228.786632178669,-95.5984572241125,502,421,339,33,11
"weighted","17031","Shedeur Sanders","CLE","QB",98.3274373259053,40.1196196964159,48.2430640668524,39.6115752030735,134.042677624065,-187.53213091922,-221.287182509754,-178.47037051601,503,420,421,34,12
"weighted","10700","Kirk Cousins","LV","QB",50.0843732590529,33.957054739697,8.9190805761261,23.1612202090224,105.121382085052,-235.775194986072,-237.737537503805,-207.391666055024,504,423,422,35,13
"weighted","12141","Marcus Mariota","WAS","QB",41.1652926829268,16.7917554555584,2.99336585365854,23.3922796836122,51.9643027527624,-244.694275562199,-237.506478029215,-260.548745387313,505,422,429,36,13
"weighted","16586","Spencer Rattler","NO","QB",38.1719268292683,39.4506228664177,5.40553259849906,9.14118980795226,79.9705128963496,-247.687641415857,-251.757567904875,-232.542535243726,506,435,423,37,13
"weighted","17035","Leonard, Riley","IND","QB",32.7663942307692,26.379137156758,3.55883325515947,16.4314381145763,64.0302135925966,-253.093174014356,-244.467319598251,-248.482834547479,507,425,424,38,14
"weighted","13595","Mason Rudolph","PIT","QB",29.2075609756098,26.2195327645538,0.492800036660331,10.9041300926943,57.1580725081272,-256.652007269516,-249.994627620133,-255.354975631948,508,431,426,39,14
"weighted","16584","J.J. McCarthy","MIN","QB",28.7147609389494,18.032996733772,0.492837513031255,12.4077899148489,54.4695444438711,-257.144807306176,-248.490967797978,-258.043503696204,509,426,428,40,14
"weighted","15238","Justin Fields","KC","QB",28.2219234259182,21.8346289206436,2.73339512403138,11.4471397399171,63.2710279532066,-257.637644819207,-249.45161797291,-249.242020186869,510,430,425,41,14
"weighted","17037","Gabriel, Dillon","CLE","QB",25.4885283018868,33.955267632578,0.185717121297831,3.70724047485593,50.1073934007284,-260.371039943239,-257.191517237971,-262.405654739347,511,449,430,42,14
"weighted","9064","Joe Flacco","CIN","QB",25.302811180589,16.5927621860932,0.807618440899855,6.72026512371973,40.1854783113982,-260.556757064536,-254.178492589108,-272.327569828677,512,442,434,43,14
"weighted","15241","Mac Jones","SF","QB",24.4951927396891,18.5024273732779,1.19363429813066,9.10914653407333,47.6744460516876,-261.364375505436,-251.789611178754,-264.838602088388,513,436,432,44,14
"weighted","17466","Carson Beck","ARI","QB",23.3015584415584,4.24264068711928,0.307754169425703,20.4357487259628,26.2735037329347,-262.558009803567,-240.463008986865,-286.239544407141,514,424,441,45,14
"weighted","12140","Jameis Winston","NYG","QB",22.9938042721327,19.9102219151166,0.886487198962005,8.49467228373542,55.367204216752,-262.865763972993,-252.404085429092,-257.145843923323,515,438,427,46,14
"weighted","10413","Tyrod Taylor","GB","QB",22.1073170731707,15.6683213477924,0.914447197947915,12.2035813805806,38.8911652158365,-263.752251171955,-248.695176332247,-273.621882924239,516,427,435,47,14
"weighted","15252","Davis Mills","HOU","QB",21.1928698752228,19.6013845484183,1.25286987522282,10.3126468033479,48.5536642685312,-264.666698369903,-250.586110909479,-263.959383871544,517,432,431,48,14
"weighted","14358","Jake Browning","TB","QB",19.94,NA,0.28341463414634,NA,NA,-265.919568245125,NA,NA,518,NA,NA,49,14
"weighted","14067","Gardner Minshew","ARI","QB",19.6565853658537,8.14575715172548,1.61804878048781,11.6747610734981,27.4323822240468,-266.202982879272,-249.223996639329,-285.080665916029,519,429,438,50,14
"weighted","17034","Quinn Ewers","JAC","QB",18.0385365853659,20.672384043073,1.32460722554245,5.31344591301722,42.3579107807475,-267.82103165976,-255.58531179981,-270.155137359328,520,445,433,51,14
"weighted","17463","Ty Simpson","LAR","QB",16.7139293598234,9.92480405176551,0.156368384213643,9.88281713633585,27.8795515092513,-269.145638885302,-251.015940576491,-284.633496630824,521,434,437,52,14
"weighted","14057","Drew Lock","SEA","QB",16.5575609756098,14.5522575568191,0.385195121951224,6.44771295226495,26.472059625267,-269.302007269516,-254.451044760562,-286.040988514808,522,444,440,53,14
"weighted","14789","Tyler Huntley","BAL","QB",16.1723658536585,5.4194866687377,0.628849871923373,11.9288718609503,22.3170917011109,-269.687202391467,-248.969885851877,-290.195956438965,523,428,442,54,14
"weighted","15692","Kenny Pickett","CAR","QB",15.5435159817352,12.2546169366177,0.497637932954669,8.27064738807625,29.313877118204,-270.31605226339,-252.628110324751,-283.199171021872,524,439,436,55,14
"robust","14778","Tua Tagovailoa","ATL","QB",127.04,36.7789604482758,10.68,101.614586206897,203.568,-156.62,-160.947413793103,-107.664,525,532,418,31,14
"weighted","16152","Anthony Richardson","IND","QB",15.0458780487805,10.0159644440747,0.405195121951222,7.77208176637212,26.6267323172007,-270.813690196345,-253.126675946455,-285.886315822875,525,440,439,56,14
"robust","13113","Deshaun Watson","CLE","QB",116.36,77.5696319999999,10.71,60.86,188.196,-167.3,-201.702,-123.036,526,533,457,32,15
"weighted","12610","Carson Wentz","MIN","QB",14.6406829268293,3.72687498086151,2.11078048780488,10.2873632468117,17.1441752229052,-271.218885318296,-250.611394466016,-295.36887291717,526,433,444,57,15
"robust","17031","Shedeur Sanders","CLE","QB",105.65,36.442308,7.49999999999997,45.8,133.276,-178.01,-216.762,-177.956,527,534,538,33,16
"weighted","10313","Andy Dalton","PHI","QB",12.5299024390244,3.94322984891943,0.969902439024391,8.7513710088444,16.198146683949,-273.329665806101,-252.147386703983,-296.314901456126,527,437,445,58,15
"robust","16583","Michael Penix Jr.","ATL","QB",98.15,78.72606,54.295,33.204,207.848,-185.51,-229.358,-103.384,528,535,407,34,17
"weighted","16153","Stetson Bennett","LAR","QB",11.56,NA,0.18,NA,NA,-274.299568245125,NA,NA,528,NA,NA,59,15
"robust","12141","Marcus Mariota","WAS","QB",43.855,2.68350599999999,3.58499999999999,25.443,51.939,-239.805,-237.119,-259.293,529,536,544,35,17
"weighted","13124","Rush, Cooper","ATL","QB",11.38,NA,0.407658536585368,NA,NA,-274.479568245125,NA,NA,529,NA,NA,60,15
"average","14778","Tua Tagovailoa","ATL","QB",137.042586206897,49.1438124704625,16.8905862068965,101.614586206897,203.568,-147.686270935961,-160.947413793103,-107.664,530,532,418,31,10
"robust","10700","Kirk Cousins","LV","QB",40.27,4.74432,6.32499999999999,25.368,96.084,-243.39,-237.194,-215.148,530,537,539,36,18
"weighted","15240","Trey Lance","LAC","QB",10.9723414634146,3.87911291302564,0.0323414634146317,7.37870986502725,14.7098493841821,-274.887226781711,-253.5200478478,-297.803198755893,530,441,446,61,15
"average","13113","Deshaun Watson","CLE","QB",120.152,59.6979825454764,13.624,60.86,188.196,-164.576857142857,-201.702,-123.036,531,533,457,32,10
"robust","16586","Spencer Rattler","NO","QB",33.945,20.800878,2.57000000000001,10.083,75.783,-249.715,-252.479,-235.449,531,553,540,37,18
"weighted","14063","Jarrett Stidham","DEN","QB",10.94,NA,0.423268292682927,NA,NA,-274.919568245125,NA,NA,531,NA,NA,62,15
"average","16583","Michael Penix Jr.","ATL","QB",106.528,80.3241440664014,8.06000000000002,33.204,207.848,-178.200857142857,-229.358,-103.384,532,535,407,33,11
"robust","17035","Leonard, Riley","IND","QB",31.375,8.12464800000001,4.165,16.808,61.358,-252.285,-245.754,-249.874,532,540,541,38,18
"weighted","15702","Tanner McKee","PHI","QB",10.5167317073171,9.79421508281313,0.236731707317073,1.53990976263125,20.7796412605178,-275.342836537808,-259.358847950196,-291.733406879558,532,450,443,63,15
"average","17031","Shedeur Sanders","CLE","QB",98.468,39.9666876285739,48.212,45.8,133.276,-186.260857142857,-216.762,-177.956,533,534,538,34,12
"robust","17037","Gabriel, Dillon","CLE","QB",27.21,35.597226,1.02968468468468,5.601,48.819,-256.45,-256.961,-262.413,533,566,547,39,18
"weighted","16585","Joe Milton III","DAL","QB",10.28,NA,1.0225799086758,NA,NA,-275.579568245125,NA,NA,533,NA,NA,64,15
"average","10700","Kirk Cousins","LV","QB",50.256,34.0507456599705,8.55266666666667,25.368,96.084,-234.472857142857,-237.194,-215.148,534,537,539,35,12
"robust","16584","J.J. McCarthy","MIN","QB",26.1803153153153,10.837806,0.131375921375927,13.8651891891892,51.858,-257.479684684685,-248.696810810811,-259.374,534,541,545,40,18
"weighted","17467","Cade Klubnik","NYJ","QB",9.2574200913242,3.45350360098695,0.117420091324201,6.48941416762463,13.005241283502,-276.602148153801,-254.409343545203,-299.507806856573,534,443,447,65,15
"average","12141","Marcus Mariota","WAS","QB",41.7033333333333,16.4995282760851,4.01333333333332,25.443,51.939,-243.025523809524,-237.119,-259.293,535,536,544,36,12
"robust","9064","Joe Flacco","CIN","QB",26.0489393939394,16.2153759090909,0.0789393939393896,7.96086363636364,40.2045,-257.611060606061,-254.601136363636,-271.0275,535,562,550,41,18
"weighted","17036","Will Howard","PIT","QB",9.14,NA,0.0600000000000005,NA,NA,-276.719568245125,NA,NA,535,NA,NA,66,15
"average","16586","Spencer Rattler","NO","QB",37.69,38.7369371530584,3.10333333333334,10.083,75.783,-247.038857142857,-252.479,-235.449,536,553,540,37,12
"robust","15241","Mac Jones","SF","QB",25.97,12.6824473548387,3.5527136788005e-15,9.114,47.178,-257.69,-253.448,-264.054,536,556,548,42,18
"weighted","17654","Cole Payton","PHI","QB",9.08,NA,0.195479452054792,NA,NA,-276.779568245125,NA,NA,536,NA,NA,67,15
"average","17035","Leonard, Riley","IND","QB",34.5866666666667,27.1355879489156,4.59135135135135,16.808,61.358,-250.14219047619,-245.754,-249.874,537,540,541,38,13
"robust","13595","Mason Rudolph","PIT","QB",25.97,10.052028,1.49,11.338,54.25,-257.69,-251.224,-256.982,537,548,543,43,19
"weighted","16384","Tyson Bagent","CHI","QB",8.88452054794521,4.55231517242244,1.19218605317169,3.87516786576937,12.335126891073,-276.97504769718,-257.023589847058,-300.177921249002,537,447,449,68,15
"average","16584","J.J. McCarthy","MIN","QB",29.9953153153153,18.7777932573802,0.35235860218252,13.8651891891892,51.858,-254.733541827542,-248.696810810811,-259.374,538,541,545,39,13
"robust","15238","Justin Fields","KC","QB",24.48,15.9005641144534,1.12,11.436,60.116,-259.18,-251.126,-251.116,538,546,542,44,19
"weighted","16441","Tommy DeVito","NE","QB",7.69233449477352,5.72756492761104,0.0528222996515675,3.71323979170778,11.594542418108,-278.167233750352,-257.185517921119,-300.918505721967,538,448,450,69,15
"average","15238","Justin Fields","KC","QB",29.6429567131328,22.7880696014656,0.829623379799461,11.436,60.116,-255.085900429724,-251.126,-251.116,539,546,542,40,13
"robust","17466","Carson Beck","ARI","QB",23.36,4.4478,3.03,20.66,26.06,-260.3,-241.902,-285.172,539,538,556,45,19
"weighted","13119","Joshua Dobbs","DET","QB",7.63951219512195,6.10016409060712,0.123683318116606,1.09230503001503,11.570046187956,-278.220056050003,-259.806452682812,-300.943001952119,539,452,451,70,15
"average","13595","Mason Rudolph","PIT","QB",28.8133333333333,25.7945756571674,1.60333333333334,11.338,54.25,-255.915523809524,-251.224,-256.982,540,548,543,41,13
"robust","14067","Gardner Minshew","ARI","QB",20.33,9.78516,0.389999999999997,12.388,27.04,-263.33,-250.174,-284.192,540,542,554,46,19
"weighted","13115","Mitch Trubisky","TEN","QB",7.51582887700535,4.93055127081759,0.899522256796288,1.36458504027089,12.795345049948,-278.34373936812,-259.534172672556,-299.717703090127,540,451,448,71,15
"average","17037","Gabriel, Dillon","CLE","QB",27.21,33.955267632578,1.16106060606061,5.601,48.819,-257.518857142857,-256.961,-262.413,541,566,547,42,13
"robust","14358","Jake Browning","TB","QB",19.94,NA,0.18,19.94,19.94,-263.72,-242.622,-291.292,541,539,561,47,19
"weighted","15693","Sam Howell","DAL","QB",6.61630662020906,2.20617315730203,0.758498401030977,5.08361829013929,8.11937930178976,-279.243261624916,-255.815139422688,-304.393668838286,541,446,455,72,15
"average","9064","Joe Flacco","CIN","QB",26.0489393939394,16.6678591832324,0.674100684261973,7.96086363636364,40.2045,-258.679917748918,-254.601136363636,-271.0275,542,562,550,43,13
"robust","10413","Tyrod Taylor","GB","QB",19.76,2.253552,2.40005434782609,12.272,37.04,-263.9,-250.29,-274.192,542,543,552,48,19
"weighted","13879","Kyle Allen","BUF","QB",5.85780821917808,4.53347513808464,0.537808219178081,0.776662507829465,8.80638475853599,-280.001760025947,-260.122095204998,-303.706663381539,542,453,454,73,15
"average","15241","Mac Jones","SF","QB",25.3748387096774,18.6893265891492,2.01483870967742,9.114,47.178,-259.35401843318,-253.448,-264.054,543,556,548,44,13
"robust","12140","Jameis Winston","NYG","QB",17.3599456521739,7.60565742391305,0.704945652173915,9.006,50.394,-266.300054347826,-253.556,-260.838,543,559,546,49,19
"weighted","16159","O'Connell, Aidan","LVR","QB",5.32,NA,0.345156794425088,NA,NA,-280.539568245125,NA,NA,543,NA,NA,74,15
"average","17466","Carson Beck","ARI","QB",23.36,4.24264068711928,0.112010869565218,20.66,26.06,-261.368857142857,-241.902,-285.172,544,538,556,45,13
"robust","17034","Quinn Ewers","JAC","QB",16.655,5.48562,0.204999999999998,5.55,40.2,-267.005,-257.012,-271.032,544,567,551,50,19
"weighted","17469","Jalon Daniels","TB","QB",4.97484320557491,6.06697618258058,0.438843205574914,0.759950297883054,9.10829307992183,-280.88472503955,-260.138807414944,-303.404755060154,544,454,452,75,15
"average","12140","Jameis Winston","NYG","QB",23.2479891304348,19.9127680145326,1.44798913043478,9.006,50.394,-261.480868012422,-253.556,-260.838,545,559,546,46,13
"robust","14057","Drew Lock","SEA","QB",16.45,15.255954,0.327500000000004,7.189,25.711,-267.21,-255.373,-285.521,545,564,557,51,19
"weighted","11760","Garoppolo, Jimmy","LAR","QB",4.536,5.99626550446192,0.876278745644599,0.689575160907503,8.88332614539844,-281.323568245125,-260.20918255192,-303.629721994677,545,455,453,76,15
"average","10413","Tyrod Taylor","GB","QB",21.8,15.4685745949651,0.695,12.272,37.04,-262.928857142857,-250.29,-274.192,546,543,552,47,13
"robust","14789","Tyler Huntley","BAL","QB",16.1225,4.714668,0.282499999999999,12.158,21.851,-267.5375,-250.404,-289.381,546,544,559,52,19
"weighted","17040","Brady Cook","MIA","QB",3.6597212543554,5.37401153701776,0.818118466898954,-0.0737503188914671,7.3210521453853,-282.19984699077,-260.972508031719,-305.19199599469,546,457,456,77,15
"average","15252","Davis Mills","HOU","QB",21.105,19.4798314503317,1.03166666666667,10.492,44.549,-263.623857142857,-252.07,-266.683,547,551,549,48,13
"robust","17463","Ty Simpson","LAR","QB",15.84,4.166106,1.015,10.061,26.819,-267.82,-252.501,-284.413,547,554,555,53,19
"weighted","17038","Kyle McCord","MIA","QB",2.84160278745645,3.59917351623953,2.04160278745645,0.34115932590032,5.29373097631726,-283.017965457669,-260.557598386927,-307.219317163758,547,456,457,78,15
"average","14067","Gardner Minshew","ARI","QB",20.0733333333333,8.18841457996194,0.133333333333333,12.388,27.04,-264.655523809524,-250.174,-284.192,548,542,554,49,13
"robust","12610","Carson Wentz","MIN","QB",14.825,1.749468,0.1225,10.656,17.082,-268.835,-251.906,-294.15,548,550,562,54,20
"weighted","17033","Milroe, Jalen","SEA","QB",0.8,NA,0.12,NA,NA,-285.059568245125,NA,NA,548,NA,NA,79,15
"average","14358","Jake Browning","TB","QB",19.94,NA,0.693333333333335,19.94,19.94,-264.788857142857,-242.622,-291.292,549,539,561,50,13
"robust","16152","Anthony Richardson","IND","QB",14.7025,6.434484,0.6525,8.074,25.687,-268.9575,-254.488,-285.545,549,561,558,55,20
"weighted","17657","Green, Taylen","CLE","QB",0.68,NA,0.08,NA,NA,-285.179568245125,NA,NA,549,NA,NA,80,15
"average","17034","Quinn Ewers","JAC","QB",19.2466666666667,21.2406057666285,2.32333333333333,5.55,40.2,-265.48219047619,-257.012,-271.032,550,567,551,51,13
"robust","15692","Kenny Pickett","CAR","QB",14.05,1.156428,1.44,8.298,27.882,-269.61,-254.264,-283.35,550,560,553,56,20
"weighted","15239","Wilson, Zach","NOS","QB",0.6,NA,0.51,NA,NA,-285.259568245125,NA,NA,550,NA,NA,81,15
"average","17463","Ty Simpson","LAR","QB",16.9233333333333,10.0378998467475,0.433333333333334,10.061,26.819,-267.805523809524,-252.501,-284.413,551,554,555,52,14
"robust","10313","Andy Dalton","PHI","QB",12.61,5.307708,0.659999999999998,9.05,15.962,-271.05,-253.512,-295.27,551,558,563,57,20
"weighted","13968","Mullens, Nick","JAC","QB",0.09,NA,0.01,NA,NA,-285.769568245125,NA,NA,551,NA,NA,82,15
"average","14789","Tyler Huntley","BAL","QB",16.49,5.53343473802664,0.0399999999999956,12.158,21.851,-268.238857142857,-250.404,-289.381,552,544,559,53,14
"robust","15252","Davis Mills","HOU","QB",11.95,1.275036,0.390000000000001,10.492,44.549,-271.71,-252.07,-266.683,552,551,549,58,20
"weighted","10948","Keenum, Case","CHI","QB",0.08,NA,0,NA,NA,-285.779568245125,NA,NA,552,NA,NA,83,15
"average","14057","Drew Lock","SEA","QB",16.45,14.5522575568191,0.716666666666669,7.189,25.711,-268.278857142857,-255.373,-285.521,553,564,557,54,14
"robust","16153","Stetson Bennett","LAR","QB",11.56,NA,0.18,11.56,11.56,-272.1,-251.002,-299.672,553,545,568,59,20
"average","15692","Kenny Pickett","CAR","QB",15.7333333333333,12.344137609948,0.123333333333333,8.298,27.882,-268.995523809524,-254.264,-283.35,554,560,553,55,14
"robust","13124","Rush, Cooper","ATL","QB",11.38,NA,0.42,11.38,11.38,-272.28,-251.182,-299.852,554,547,570,60,20
"average","16152","Anthony Richardson","IND","QB",15.61,10.2775921304555,1.18333333333333,8.074,25.687,-269.118857142857,-254.488,-285.545,555,561,558,56,14
"robust","15240","Trey Lance","LAC","QB",10.96,5.307708,0.0199999999999996,7.638,14.442,-272.7,-254.924,-296.79,555,563,564,61,20
"average","12610","Carson Wentz","MIN","QB",14.4266666666667,3.827392497946,1.86,10.656,17.082,-270.30219047619,-251.906,-294.15,556,550,562,57,14
"robust","14063","Jarrett Stidham","DEN","QB",10.94,NA,0.0700000000000003,10.94,10.94,-272.72,-251.622,-300.292,556,549,572,62,20
"average","10313","Andy Dalton","PHI","QB",12.5666666666667,3.8429329077325,1.00666666666667,9.05,15.962,-272.16219047619,-253.512,-295.27,557,558,563,58,14
"robust","15702","Tanner McKee","PHI","QB",10.87,13.669572,0.59,2.202,20.13,-272.79,-260.36,-291.102,557,572,560,63,20
"average","16153","Stetson Bennett","LAR","QB",11.56,NA,0.18,11.56,11.56,-273.168857142857,-251.002,-299.672,558,545,568,59,14
"robust","16585","Joe Milton III","DAL","QB",10.28,NA,1.095,10.28,10.28,-273.38,-252.282,-300.952,558,552,573,64,20
"average","13124","Rush, Cooper","ATL","QB",11.38,NA,0.386666666666667,11.38,11.38,-273.348857142857,-251.182,-299.852,559,547,570,60,14
"robust","16384","Tyson Bagent","CHI","QB",9.185,3.054156,0.0449999999999999,4.328,12.194,-274.475,-258.234,-299.038,559,570,567,65,20
"average","15702","Tanner McKee","PHI","QB",10.9933333333333,9.96915910863767,1.77635683940025e-15,2.202,20.13,-273.735523809524,-260.36,-291.102,560,572,560,61,14
"average","15240","Trey Lance","LAC","QB",10.9933333333333,3.78176325717691,0.053333333333331,7.638,14.442,-273.735523809524,-254.924,-296.79,560,563,564,62,14
"robust","17036","Will Howard","PIT","QB",9.14,NA,0.0525000000000002,9.14,9.14,-274.52,-253.422,-302.092,560,555,574,66,20
"average","14063","Jarrett Stidham","DEN","QB",10.94,NA,0.66,10.94,10.94,-273.788857142857,-251.622,-300.292,561,549,572,63,14
"robust","17467","Cade Klubnik","NYJ","QB",9.0875,2.89107,0.00750000000000028,6.625,12.682,-274.5725,-255.937,-298.55,561,565,565,67,20
"average","16585","Joe Milton III","DAL","QB",10.28,NA,0.956666666666667,10.28,10.28,-274.448857142857,-252.282,-300.952,562,552,573,64,14
"robust","17654","Cole Payton","PHI","QB",9.08,NA,0.56,9.08,9.08,-274.58,-253.482,-302.152,562,557,575,68,20
"average","17467","Cade Klubnik","NYJ","QB",9.32333333333333,3.46274938933405,0.183333333333334,6.625,12.682,-275.405523809524,-255.937,-298.55,563,565,565,65,14
"robust","13119","Joshua Dobbs","DET","QB",8.52,1.18608,0.77,1.82,11.54,-275.14,-260.742,-299.692,563,574,569,69,20
"average","17036","Will Howard","PIT","QB",9.14,NA,0.0600000000000005,9.14,9.14,-275.588857142857,-253.422,-302.092,564,555,574,66,14
"robust","13115","Mitch Trubisky","TEN","QB",7.75,4.344018,0.0999999999999996,1.992,12.495,-275.91,-260.57,-298.737,564,573,566,70,20
"average","17654","Cole Payton","PHI","QB",9.08,NA,0.279999999999999,9.08,9.08,-275.648857142857,-253.482,-302.152,565,557,575,67,14
"robust","16441","Tommy DeVito","NE","QB",7.65,6.00453,1.05,4.005,11.295,-276.01,-258.557,-299.937,565,571,571,71,20
"average","16384","Tyson Bagent","CHI","QB",8.8,4.56898238123108,1.04666666666667,4.328,12.194,-275.928857142857,-258.234,-299.038,566,570,567,68,14
"robust","15693","Sam Howell","DAL","QB",6.6,2.312856,0.275,5.196,8.004,-277.06,-257.366,-303.228,566,569,579,72,20
"average","13119","Joshua Dobbs","DET","QB",7.75333333333333,6.01775151807827,0.0583333333333336,1.82,11.54,-276.975523809524,-260.742,-299.692,567,574,569,69,14
"robust","13879","Kyle Allen","BUF","QB",6.325,1.304688,1.005,1.282,8.752,-277.335,-261.28,-302.48,567,575,577,73,20
"average","13115","Mitch Trubisky","TEN","QB",7.695,5.02429762918825,0.044999999999999,1.992,12.495,-277.033857142857,-260.57,-298.737,568,573,566,70,14
"robust","16159","O'Connell, Aidan","LVR","QB",5.32,NA,0.390000000000001,5.32,5.32,-278.34,-257.242,-305.912,568,568,581,74,20
"average","16441","Tommy DeVito","NE","QB",7.65,5.72756492761104,1.05,4.005,11.295,-277.078857142857,-258.557,-299.937,569,571,571,71,14
"robust","17469","Jalon Daniels","TB","QB",4.93,6.360354,0.0899999999999999,1.069,8.791,-278.73,-261.493,-302.441,569,576,576,75,20
"average","15693","Sam Howell","DAL","QB",6.6,2.20617315730203,0.819999999999999,5.196,8.004,-278.128857142857,-257.366,-303.228,570,569,579,72,14
"robust","11760","Garoppolo, Jimmy","LAR","QB",4.84,6.286224,1.22,1.024,8.656,-278.82,-261.538,-302.576,570,577,578,76,21
"average","13879","Kyle Allen","BUF","QB",5.78,4.55925432499658,0.459999999999999,1.282,8.752,-278.948857142857,-261.28,-302.48,571,575,577,73,14
"robust","17040","Brady Cook","MIA","QB",3.62,5.63388,0.804999999999999,0.2,7.04,-280.04,-262.362,-304.192,571,582,580,77,21
"average","16159","O'Connell, Aidan","LVR","QB",5.32,NA,0.390000000000001,5.32,5.32,-279.408857142857,-257.242,-305.912,572,568,581,74,14
"robust","17038","Kyle McCord","MIA","QB",2.815,3.773217,2.015,0.5245,5.1055,-280.845,-262.0375,-306.1265,572,581,582,78,21
"average","17469","Jalon Daniels","TB","QB",4.93,6.06697618258058,0.0899999999999999,1.069,8.791,-279.798857142857,-261.493,-302.441,573,576,576,75,14
"robust","17033","Milroe, Jalen","SEA","QB",0.8,NA,0.12,0.8,0.8,-282.86,-261.762,-310.432,573,578,583,79,21
"average","11760","Garoppolo, Jimmy","LAR","QB",4.84,5.99626550446192,1.22,1.024,8.656,-279.888857142857,-261.538,-302.576,574,577,578,76,14
"robust","17657","Green, Taylen","CLE","QB",0.68,NA,0.08,0.68,0.68,-282.98,-261.882,-310.552,574,579,584,80,21
"average","17040","Brady Cook","MIA","QB",3.62,5.37401153701776,0.804999999999999,0.2,7.04,-281.108857142857,-262.362,-304.192,575,582,580,77,14
"robust","15239","Wilson, Zach","NOS","QB",0.6,NA,0.51,0.6,0.6,-283.06,-261.962,-310.632,575,580,585,81,21
"average","17038","Kyle McCord","MIA","QB",2.815,3.59917351623953,2.015,0.5245,5.1055,-281.913857142857,-262.0375,-306.1265,576,581,582,78,14
"robust","13968","Mullens, Nick","JAC","QB",0.09,NA,0.01,0.09,0.09,-283.57,-262.472,-311.142,576,583,586,82,21
"average","17033","Milroe, Jalen","SEA","QB",0.8,NA,0.12,0.8,0.8,-283.928857142857,-261.762,-310.432,577,578,583,79,14
"robust","10948","Keenum, Case","CHI","QB",0.08,NA,0,0.08,0.08,-283.58,-262.482,-311.152,577,584,587,83,21
"average","17657","Green, Taylen","CLE","QB",0.68,NA,0.08,0.68,0.68,-284.048857142857,-261.882,-310.552,578,579,584,80,14
"average","15239","Wilson, Zach","NOS","QB",0.6,NA,0.51,0.6,0.6,-284.128857142857,-261.962,-310.632,579,580,585,81,14
"average","13968","Mullens, Nick","JAC","QB",0.09,NA,0.01,0.09,0.09,-284.638857142857,-262.472,-311.142,580,583,586,82,14
"average","10948","Keenum, Case","CHI","QB",0.08,NA,0,0.08,0.08,-284.648857142857,-262.482,-311.152,581,584,587,83,14
"average","16162","Jahmyr Gibbs","DET","RB",300.351428571429,24.5959288152676,17.3135714285714,270.88,333.36,170.501428571429,168.51,187.45,1,1,1,1,1
"robust","16162","Jahmyr Gibbs","DET","RB",299.585,7.44265200000006,21.6150000000001,270.88,333.36,167.785,168.51,187.45,1,1,1,1,1
"weighted","16162","Jahmyr Gibbs","DET","RB",300.842618384401,30.1575141089894,16.8194637883008,264.250591257816,343.234179350611,171.153830083565,161.93042937525,197.03791016638,1,1,1,1,1
"average","16161","Bijan Robinson","ATL","RB",283.037857142857,23.1351595443571,21.2171428571428,256.5725,314.6325,153.187857142857,154.2025,168.7225,2,2,2,2,2
"robust","16161","Bijan Robinson","ATL","RB",277.97,14.5220669999999,16.4275,256.5725,314.6325,146.17,154.2025,168.7225,2,2,2,2,2
"weighted","16161","Bijan Robinson","ATL","RB",284.0231545961,27.6501407038843,23.0317548746518,252.767669258616,314.977136438026,154.334366295265,150.44750737605,168.780867253795,2,2,2,2,2
"average","14802","Jonathan Taylor","IND","RB",261.820714285714,17.379878554565,14.4621428571429,241.6725,286.4525,131.970714285714,139.3025,140.5425,3,3,3,3,3
"robust","14802","Jonathan Taylor","IND","RB",261.5425,16.849749,14.4475,241.6725,286.4525,129.7425,139.3025,140.5425,3,3,3,3,3
"weighted","14802","Jonathan Taylor","IND","RB",260.991399721448,21.259039493123,16.3488509749304,239.971718710783,290.455014082474,131.302611420613,137.651556828217,144.258744898242,3,3,3,3,3
"average","12626","Derrick Henry","BAL","RB",247.358571428571,12.9979183315014,2.76857142857142,232.435,263.359,117.508571428571,130.065,117.449,4,4,5,4,3
"robust","13130","Christian McCaffrey","SF","RB",247.095,14.0995259999999,0.40500000000003,214.42,264.48,115.295,112.05,118.57,4,6,4,4,3
"weighted","12626","Derrick Henry","BAL","RB",244.642548746518,14.3362292713651,3.36016713091919,231.852210118547,265.648318023333,114.953760445682,129.532048235982,119.452048839101,4,4,4,4,3
"average","13130","Christian McCaffrey","SF","RB",244.59,20.0626269466389,8.38142857142856,214.42,264.48,114.74,112.05,118.57,5,6,4,5,4
"robust","12626","Derrick Henry","BAL","RB",246.69,17.64294,9.8075,232.435,263.359,114.89,130.065,117.449,5,4,5,5,4
"weighted","13130","Christian McCaffrey","SF","RB",241.282381615599,23.6051664684944,6.1025766016713,208.25300174119,265.325264403005,111.593593314763,105.932839858624,119.128995218774,5,6,5,5,4
"average","15715","James Cook","BUF","RB",236.208571428571,15.0071609890872,12.4485714285714,216.67,255.84,106.358571428571,114.3,109.93,6,5,6,6,5
"weighted","15715","James Cook","BUF","RB",235.179805013928,17.7422311469048,13.995229805014,213.22023818889,260.143238447485,105.491016713092,110.900076306324,113.946969263253,6,5,6,6,5
"robust","15715","James Cook","BUF","RB",236.8825,6.77548200000003,14.1275,216.67,255.84,105.0825,114.3,109.93,7,5,6,6,5
"average","16167","De'Von Achane","MIA","RB",223.76,18.3995969158747,0.33642857142857,201.94,248.223,93.91,99.57,102.313,8,8,8,7,5
"weighted","13604","Saquon Barkley","PHI","RB",221.184575208914,11.8916095571118,0.74543871866291,207.441792832076,237.711416922248,91.495786908078,105.12163094951,91.515147738016,8,7,9,7,5
"average","13604","Saquon Barkley","PHI","RB",223.423571428571,10.5244222780025,3.66357142857146,209.68,235.645,93.5735714285715,107.31,89.735,9,7,10,8,5
"weighted","16167","De'Von Achane","MIA","RB",220.439136490251,21.0117202079599,1.99233983286911,199.704281955218,253.650379475277,90.7503481894151,97.3841200726527,107.454110291045,9,8,8,8,5
"average","17042","Ashton Jeanty","LV","RB",219.76,26.2694309036188,5.17142857142855,193.7,253.3,89.91,91.33,107.39,10,10,7,9,5
"robust","16167","De'Von Achane","MIA","RB",222.755,16.7533799999999,0.0250000000000057,201.94,248.223,90.955,99.57,102.313,10,8,8,7,5
"robust","13604","Saquon Barkley","PHI","RB",222.73,15.722973,4.83000000000004,209.68,235.645,90.93,107.31,89.735,11,7,10,8,5
"weighted","17042","Ashton Jeanty","LV","RB",218.446796657382,25.2252808238915,6.67907381615601,191.96027117256,256.272280365848,88.758008356546,89.640109289994,110.076011181616,11,10,7,9,5
"average","16181","Chase Brown","CIN","RB",214.588571428571,12.2519473670806,2.99928571428572,199.89,230.263,84.7385714285714,97.52,84.353,13,9,12,10,6
"robust","17042","Ashton Jeanty","LV","RB",217.9,26.83506,4.14499999999998,193.7,253.3,86.1,91.33,107.39,13,10,7,9,5
"weighted","15711","Kenneth Walker III","KC","RB",211.767722841226,16.670591094176,0.105745125348136,189.437140081563,229.450853088853,82.07893454039,87.1169781989969,83.2545839046214,13,11,13,10,5
"average","15711","Kenneth Walker III","KC","RB",211.589285714286,13.8323056129999,1.84928571428571,192.69,228.565,81.7392857142857,90.32,82.655,14,11,14,11,6
"robust","16181","Chase Brown","CIN","RB",213.755,14.97426,2.41125,199.89,230.263,81.955,97.52,84.353,14,9,12,10,5
"weighted","16181","Chase Brown","CIN","RB",211.661977715877,13.7278336176415,2.27284122562673,198.440370127591,233.149278415498,81.9731894150418,96.1202082450252,86.9530092312663,14,9,12,11,6
"average","15256","Javonte Williams","DAL","RB",209.74,18.2937967628374,5.18000000000001,186.06,227.18,79.89,83.69,81.27,15,15,15,12,6
"robust","15711","Kenneth Walker III","KC","RB",211.34375,11.71254,0.0437499999999886,192.69,228.565,79.54375,90.32,82.655,15,11,14,11,5
"weighted","15256","Javonte Williams","DAL","RB",209.389136490251,17.9872043869651,5.46239554317552,183.503461070765,228.050224916058,79.7003481894151,81.1832991881998,81.8539557318261,15,16,15,12,6
"robust","15256","Javonte Williams","DAL","RB",211.3,19.71858,5.19999999999999,186.06,227.18,79.5,83.69,81.27,16,15,15,12,6
"weighted","17044","Omarion Hampton","LAC","RB",203.926740947075,17.1480343151377,4.22207520891365,183.581990908291,227.793724553114,74.2379526462396,81.2618290257252,81.5974553688825,16,15,16,13,6
"average","17044","Omarion Hampton","LAC","RB",204.56,17.7428295375907,4.27000000000001,184.92,225.72,74.71,82.55,79.81,17,16,16,13,6
"robust","17044","Omarion Hampton","LAC","RB",206.1,18.97728,4.72500000000002,184.92,225.72,74.3,82.55,79.81,17,16,16,13,6
"average","15710","Kyren Williams","LAR","RB",200.29,13.4600055720642,3.85999999999999,186.7,217.01,70.44,84.33,71.1,18,13,19,14,7
"robust","15710","Kyren Williams","LAR","RB",201.375,14.90013,5.29999999999998,186.7,217.01,69.575,84.33,71.1,18,13,19,14,7
"weighted","15710","Kyren Williams","LAR","RB",199.704665738162,13.0430786360525,3.17743732590526,185.334910594377,218.162720151244,70.0158774373259,83.0147487118115,71.9664509670126,19,12,20,14,7
"average","15708","Breece Hall","NYJ","RB",196.43,19.969495486867,2.04000000000002,173.72,219.35,66.58,71.35,73.44,20,19,18,15,7
"robust","15708","Breece Hall","NYJ","RB",196.075,24.4629,2.50000000000003,173.72,219.35,64.275,71.35,73.44,20,19,18,15,7
"weighted","15708","Breece Hall","NYJ","RB",196.527228412256,20.1612332369777,2.46727019498616,171.54896853227,220.930872808592,66.8384401114207,69.2288066497046,74.7346036243597,20,20,18,15,7
"average","17472","Jeremiyah Love","ARI","RB",194.39,20.0270879061335,5.72999999999999,171.52,215.49,64.54,69.15,69.58,21,21,21,16,7
"robust","17472","Jeremiyah Love","ARI","RB",193.575,28.02114,5.04999999999995,171.52,215.49,61.775,69.15,69.58,21,21,21,16,7
"weighted","17472","Jeremiyah Love","ARI","RB",194.05995821727,19.6628101646805,5.78669916434538,170.616536389648,216.392796034762,64.3711699164345,68.296374507082,70.1965268505305,21,21,21,16,7
"average","17045","Cam Skattebo","NYG","RB",188.66,16.3573530866091,1.03,172.32,209.18,58.81,69.95,63.27,22,20,23,17,7
"weighted","17045","Cam Skattebo","NYG","RB",188.273259052925,16.4057520254658,1.47597493036207,171.568744310097,211.186804661822,58.5844707520891,69.2485824275315,64.9905354775905,22,19,25,17,7
"average","15253","Travis Etienne","NO","RB",187.63,23.7724262539607,3.50999999999999,160.94,216.13,57.78,58.57,70.22,23,26,20,18,8
"robust","15253","Travis Etienne","NO","RB",188.525,20.90466,1.57500000000005,160.94,216.13,56.725,58.57,70.22,23,26,20,17,7
"weighted","15253","Travis Etienne","NO","RB",186.797284122563,23.0411451890789,3.78182451253483,157.875939116643,218.610664076013,57.108495821727,55.555777234077,72.4143948917809,23,26,19,18,7
"average","17051","Quinshon Judkins","CLE","RB",184.12,27.9649244590433,4.22999999999999,157.2,220.52,54.27,54.83,74.61,24,28,17,19,8
"robust","17045","Cam Skattebo","NYG","RB",186.95,15.86382,5.84999999999997,172.32,209.18,55.15,69.95,63.27,26,20,23,18,8
"weighted","17051","Quinshon Judkins","CLE","RB",183.015459610028,26.7504982497928,3.17548746518108,155.327640406604,224.289200933275,53.3266713091922,53.0074785240388,78.0929317490436,26,28,17,19,8
"average","16598","Bucky Irving","TB","RB",179.89,20.7267761603198,0.690000000000026,165.68,208.38,50.04,63.31,62.47,28,24,25,20,8
"robust","17051","Quinshon Judkins","CLE","RB",181.1,24.61116,1.85000000000002,157.2,220.52,49.3,54.83,74.61,28,28,17,19,8
"weighted","14797","D'Andre Swift","CHI","RB",179.839972144847,15.1304103284406,1.31232590529248,159.285090458046,200.244403214292,50.1511838440111,56.96492857548,54.0481340300603,28,25,30,20,8
"average","14797","D'Andre Swift","CHI","RB",179.2,15.62529999712,6.18999999999997,161.44,197.62,49.35,59.07,51.71,29,25,30,21,8
"weighted","16598","Bucky Irving","TB","RB",178.527646239554,19.6713888956473,5.63259052924789,165.327775878555,212.642710682313,48.8388579387187,63.0076139959895,66.446441498081,29,23,22,21,8
"robust","14797","D'Andre Swift","CHI","RB",179.25,5.63388000000002,5.59999999999999,161.44,197.62,47.45,59.07,51.71,31,25,30,20,8
"average","17052","Bhayshul Tuten","JAC","RB",173.01,8.35579140476831,0.390000000000015,165.82,183.61,43.16,63.45,37.7,34,23,39,22,8
"weighted","17052","Bhayshul Tuten","JAC","RB",172.895055710306,8.42247993994486,0.996727019498621,165.552761122125,184.381117515491,43.2062674094708,63.2325992395589,38.1848483312589,34,22,40,22,8
"robust","14071","David Montgomery","HOU","RB",173.65,16.45686,0.5,157.42,191.08,41.85,55.05,45.17,35,27,34,21,8
"weighted","14071","David Montgomery","HOU","RB",171.898328690808,14.7963661996692,5.01378830083564,156.432279166568,191.931684052737,42.2095403899721,54.1121172840022,45.7354148685053,35,27,33,23,9
"average","14071","David Montgomery","HOU","RB",172.62,15.2527702401892,4.69999999999999,157.42,191.08,42.77,55.05,45.17,36,27,34,23,9
"robust","16598","Bucky Irving","TB","RB",173.15,9.41450999999999,0.075000000000017,165.68,208.38,41.35,63.31,62.47,36,24,25,22,8
"average","17473","Jadarian Price","SEA","RB",167.92,17.0044700005616,13.23,150.54,186.18,38.07,48.17,40.27,37,31,35,24,10
"robust","17052","Bhayshul Tuten","JAC","RB",173.075,4.81845000000004,4.82499999999999,165.82,183.61,41.275,63.45,37.7,37,23,39,23,9
"robust","17473","Jadarian Price","SEA","RB",168.25,23.27682,13.75,150.54,186.18,36.45,48.17,40.27,38,31,35,24,10
"weighted","17473","Jadarian Price","SEA","RB",166.884540389972,16.8518744048137,10.8145543175488,150.100772371775,186.239616889916,37.1957520891365,47.7806104892089,40.0433477056837,38,31,35,24,9
"weighted","15259","Rhamondre Stevenson","NE","RB",156.069986072423,23.9875317953527,10.2385793871866,125.077077567558,184.694813660164,26.3811977715878,22.7569156849925,38.4985444759325,50,60,39,25,10
"average","15259","Rhamondre Stevenson","NE","RB",154.69,24.2882018683969,9.24000000000001,127.2,182.68,24.84,24.83,36.77,52,58,40,25,10
"robust","15259","Rhamondre Stevenson","NE","RB",154.5,29.28135,9.17500000000001,127.2,182.68,22.7,24.83,36.77,56,58,40,25,10
"weighted","15261","Chuba Hubbard","CAR","RB",145.831406685237,9.91516824902697,3.06023676880224,132.303845281106,157.427048274104,16.1426183844011,29.9836833985401,11.2307790898717,64,46,71,26,10
"average","15261","Chuba Hubbard","CAR","RB",145.45,10.2205063475348,1.05000000000001,133.15,156.54,15.6,30.78,10.63,65,44,76,26,10
"average","14073","Josh Jacobs","GB","RB",144.4,49.8308137601625,2.20000000000002,98.48,206.54,14.55,-3.88999999999999,60.63,67,112,26,27,11
"weighted","14800","J.K. Dobbins","DEN","RB",142.771169916435,12.332468909919,0.24178272980501,128.458295872432,154.96220926524,13.0823816155989,26.1381339898666,8.76594008100798,71,56,80,27,10
"robust","15261","Chuba Hubbard","CAR","RB",145.325,11.26776,2.52499999999998,133.15,156.54,13.525,30.78,10.63,72,44,76,26,10
"weighted","15742","Jaylen Warren","PIT","RB",142.52938718663,10.5899678827796,0.890250696378814,131.876370779913,156.607774763846,12.8405988857939,29.5562088973475,10.411505579614,73,49,72,28,10
"average","14800","J.K. Dobbins","DEN","RB",142.2,12.1794909581641,0.219999999999999,129.5,155.04,12.35,27.13,9.13000000000002,74,52,82,28,11
"average","15742","Jaylen Warren","PIT","RB",141.98,10.6309453954011,1.95999999999998,131.8,155.02,12.13,29.43,9.11000000000001,75,48,83,29,11
"weighted","14073","Josh Jacobs","GB","RB",141.639136490251,48.2223726582223,1.08022284122563,98.6803463850587,211.455233164447,11.9503481894151,-3.63981549750702,65.2589639802147,75,108,24,29,10
"robust","15742","Jaylen Warren","PIT","RB",142.8,15.71556,1.30000000000001,131.8,155.02,11,29.43,9.11000000000001,77,48,83,27,11
"average","14085","Tony Pollard","TEN","RB",140.02,13.5377989348343,0.25,126.08,156.96,10.17,23.71,11.05,79,60,71,30,11
"weighted","14085","Tony Pollard","TEN","RB",140.558913649025,13.6760710564009,2.12750696378831,124.854800623274,158.685825438229,10.8701253481894,22.5346387407086,12.4895562539972,79,61,69,30,11
"average","17043","TreVeyon Henderson","NE","RB",139.77,45.2877825688121,1.02000000000001,87.37,192.13,9.92000000000002,-15,46.22,80,143,33,31,11
"robust","14800","J.K. Dobbins","DEN","RB",141.5,13.93644,0.375,129.5,155.04,9.69999999999999,27.13,9.13000000000002,81,52,82,28,11
"weighted","14823","Rico Dowdle","PIT","RB",138.431406685237,20.9059298557411,0.60710306406682,115.16428137709,161.638224773295,8.74261838440111,12.8441194945245,15.4419555890632,82,83,60,31,11
"average","14823","Rico Dowdle","PIT","RB",138.75,21.1446506237393,3.06999999999999,116.46,161.57,8.90000000000001,14.09,15.66,83,74,62,32,11
"robust","17043","TreVeyon Henderson","NE","RB",141.125,43.95909,0.924999999999983,87.37,192.13,9.32499999999999,-15,46.22,83,143,33,29,11
"robust","14085","Tony Pollard","TEN","RB",140.2,16.01208,1.30000000000001,126.08,156.96,8.40000000000001,23.71,11.05,85,60,71,30,11
"weighted","17043","TreVeyon Henderson","NE","RB",137.82430362117,43.6986381750332,1.83112813370477,82.3562503853114,198.199130115983,8.13551532033429,-19.9639114972543,52.0028609317516,85,145,31,32,11
"robust","14073","Josh Jacobs","GB","RB",138.9,58.85922,0.625,98.48,206.54,7.09999999999999,-3.88999999999999,60.63,87,112,26,31,11
"robust","14823","Rico Dowdle","PIT","RB",138.275,27.94701,1.12499999999997,116.46,161.57,6.47499999999999,14.09,15.66,88,74,62,32,11
"average","17256","Jacory Croskey-Merritt","WAS","RB",135.68,15.321292373687,1.16,124.62,156.62,5.83000000000001,22.25,10.71,91,61,75,33,11
"weighted","17256","Jacory Croskey-Merritt","WAS","RB",135.993175487465,15.3182884320118,1.67994428969357,124.50337615338,159.470032145992,6.30438718662953,22.1832142708147,13.2737629617606,91,62,64,33,11
"robust","17066","Kyle Monangai","CHI","RB",137.15,6.37518000000002,4.65000000000003,119.58,142.8,5.35000000000002,17.21,-3.10999999999999,92,65,112,33,11
"weighted","17066","Kyle Monangai","CHI","RB",134.313231197772,11.129466926748,4.62444289693596,117.229114499196,143.060362616735,4.62444289693596,14.9089526166301,-3.13590656749722,94,77,110,34,11
"average","17066","Kyle Monangai","CHI","RB",134.52,10.9177378609307,4.67000000000002,119.58,142.8,4.67000000000002,17.21,-3.10999999999999,95,65,112,34,11
"robust","17256","Jacory Croskey-Merritt","WAS","RB",132.5,5.48561999999996,0.699999999999989,124.62,156.62,0.699999999999989,22.25,10.71,100,61,75,34,11
"weighted","15972","Jordan Mason","MIN","RB",129.688788300836,17.0835149108381,4.54791086350976,108.085743411094,146.196269184232,0,5.76558152852783,0,101,94,101,35,11
"average","15972","Jordan Mason","MIN","RB",129.85,17.0633745197133,2.99999999999999,109.25,145.91,0,6.88000000000001,0,103,93,103,35,12
"robust","17068","RJ Harvey","DEN","RB",131.8,41.73519,1.39999999999998,102.37,156.34,0,0,10.43,103,103,77,35,11
"robust","15972","Jordan Mason","MIN","RB",130.4,17.42055,11.35,109.25,145.91,-1.39999999999998,6.88000000000001,0,108,93,103,36,12
"average","17068","RJ Harvey","DEN","RB",126.85,24.7834874462816,5.01,102.37,156.34,-2.99999999999999,0,10.43,109,103,77,36,12
"weighted","17068","RJ Harvey","DEN","RB",125.140877437326,24.274217329302,2.89045961002786,102.320161882566,159.359545924172,-4.54791086350976,0,13.1632767399405,112,101,66,36,12
"weighted","16593","Blake Corum","LAR","RB",122.250417827298,12.8427020395652,10.0633008356546,110.68737068019,141.762490344459,-7.43837047353762,8.3672087976243,-4.43377883977331,116,87,111,37,12
"average","16593","Blake Corum","LAR","RB",121.84,12.435151788378,10.57,111.68,138.5,-8.00999999999999,9.31,-7.41,121,86,126,37,13
"weighted","13319","Aaron Jones","MIN","RB",112.187116991643,14.3758553224023,0.952506963788295,90.0888388834814,127.462705036148,-17.5016713091922,-12.2313229990843,-18.7335641480841,136,125,141,38,12
"weighted","16597","Jonathon Brooks","CAR","RB",111.234610027855,11.8379987142984,1.74296657381616,93.2614585779402,124.142913106852,-18.4541782729805,-9.05870330462552,-22.05335607738,139,118,153,39,12
"robust","16593","Blake Corum","LAR","RB",119.05,3.85475999999999,6.77500000000001,111.68,138.5,-12.75,9.31,-7.41,142,86,126,37,13
"weighted","16604","MarShawn Lloyd","GB","RB",109.491643454039,30.7336680299725,1.72444289693591,75.0110967996822,144.402767930016,-20.1971448467967,-27.3090650828835,-1.79350125421567,147,163,107,40,13
"weighted","15721","Rachaad White","WAS","RB",107.767200557103,17.5208662955034,2.7725626740947,87.2724241234625,124.740252559398,-21.9215877437326,-15.0477377591032,-21.4560166248334,153,128,151,41,13
"average","13319","Aaron Jones","MIN","RB",111.27,14.8095661651515,0.839999999999989,92.15,125.96,-18.58,-10.22,-19.95,157,129,164,38,13
"weighted","15255","Kenneth Gainwell","TB","RB",104.994637883008,18.4449865198286,9.1656685236769,77.8606202246509,125.511780527212,-24.6941504178273,-24.4595416579149,-20.6844886570199,159,157,146,42,13
"average","16597","Jonathon Brooks","CAR","RB",110.43,12.1737730387912,2.23,94.9,122.86,-19.42,-7.47,-23.05,161,119,181,39,13
"robust","13319","Aaron Jones","MIN","RB",112.275,12.37971,1.075,92.15,125.96,-19.525,-10.22,-19.95,162,129,164,38,13
"robust","16597","Jonathon Brooks","CAR","RB",111.2,9.56277000000003,2.5,94.9,122.86,-20.6,-7.47,-23.05,170,119,181,39,13
"average","16604","MarShawn Lloyd","GB","RB",108.2,30.9114056619883,0.890000000000001,75.58,142.64,-21.65,-26.79,-3.27000000000001,171,185,115,40,13
"weighted","17053","Woody Marks","HOU","RB",95.8289693593315,15.3296404147816,0.288022284122562,73.5711963397098,109.35386915719,-33.8598189415042,-28.748965542856,-36.8424000270417,174,165,186,43,13
"average","15721","Rachaad White","WAS","RB",107.31,17.2522969485225,3.61999999999999,87.98,124.59,-22.54,-14.39,-21.32,175,141,167,41,13
"weighted","16169","Zach Charbonnet","SEA","RB",95.5409470752089,9.18389982363829,7.61866295264625,88.3527152078621,109.563806046906,-34.1478412256267,-13.9674466747036,-36.6324631373258,175,127,185,44,14
"robust","16604","MarShawn Lloyd","GB","RB",108.7,40.91976,0.575000000000003,75.58,142.64,-23.1,-26.79,-3.27000000000001,179,185,115,40,13
"robust","15721","Rachaad White","WAS","RB",108.125,23.05443,4.67499999999998,87.98,124.59,-23.675,-14.39,-21.32,182,141,167,41,13
"average","15255","Kenneth Gainwell","TB","RB",103.69,18.8911156367219,7.53000000000002,79.98,123.32,-26.16,-22.39,-22.59,186,171,178,42,14
"weighted","16165","Tyjae Spears","TEN","RB",87.9222841225627,13.1270263301404,1.18440111420612,76.1136849414718,105.879588867556,-41.766504178273,-26.206476941094,-40.3166803166763,188,161,192,45,14
"weighted","16174","Chris Rodriguez Jr.","JAC","RB",86.7378830083565,14.5469770813254,11.2958217270195,64.7482656757657,97.9934389919305,-42.9509052924791,-37.5718962068,-48.2028301923014,194,177,203,46,15
"robust","15255","Kenneth Gainwell","TB","RB",103.45,19.94097,5.35000000000002,79.98,123.32,-28.35,-22.39,-22.59,196,171,178,42,14
"average","17053","Woody Marks","HOU","RB",96.16,15.3749146339093,1.03999999999999,75.8,109.04,-33.69,-26.57,-36.87,205,184,216,43,14
"average","16169","Zach Charbonnet","SEA","RB",95.12,8.9608593337916,7.42,88.5,107.4,-34.73,-13.87,-38.51,206,138,219,44,14
"robust","17053","Woody Marks","HOU","RB",98.1,10.3782,5.54999999999998,75.8,109.04,-33.7,-26.57,-36.87,206,184,216,43,14
"weighted","15712","Tyler Allgeier","ARI","RB",75.442061281337,8.61993078025394,1.44373259052924,68.0961545398826,89.1192408263615,-54.2467270194986,-34.2240073426832,-57.0770283578703,209,172,220,47,15
"weighted","15716","Brian Robinson Jr.","ATL","RB",73.9983286908078,7.1700499833213,2.20111420612814,62.6889154098717,80.5110701394916,-55.6904596100278,-39.631246472694,-65.6851990447403,212,184,243,48,15
"robust","16169","Zach Charbonnet","SEA","RB",92.55,5.1891,2.10000000000002,88.5,107.4,-39.25,-13.87,-38.51,214,138,219,44,14
"average","16165","Tyjae Spears","TEN","RB",87.7,12.71908015542,0.280000000000001,76.08,103.82,-42.15,-26.29,-42.09,218,183,222,45,14
"average","16174","Chris Rodriguez Jr.","JAC","RB",87.42,14.1596963244273,11.36,67.94,97.6,-42.43,-34.43,-48.31,220,198,233,46,15
"weighted","17485","Kaelon Black","SF","RB",71.7972144846797,38.4450270315854,0.530779944289691,33.6130577046791,120.52048651904,-57.891573816156,-68.7071041778866,-25.6757826651917,220,263,163,49,15
"robust","16174","Chris Rodriguez Jr.","JAC","RB",90.45,5.48562,3.34999999999999,67.94,97.6,-41.35,-34.43,-48.31,222,198,233,45,15
"weighted","13132","Alvin Kamara","NO","RB",71.26643454039,21.1219774735227,0.0600278551532085,38.8258591877262,89.5538834663504,-58.4223537604457,-63.4943026948395,-56.6423857178814,225,244,218,50,15
"weighted","14086","Justice Hill","BAL","RB",71.2064066852368,11.5089614209137,4.37096100278551,58.6255037147924,85.2614834697384,-58.4823816155989,-43.6946581677733,-60.9347857144934,227,191,229,51,15
"robust","16165","Tyjae Spears","TEN","RB",87.1,15.86382,11.55,76.08,103.82,-44.7,-26.29,-42.09,230,183,222,46,15
"weighted","16596","Braelon Allen","NYJ","RB",66.8354456824513,19.3343132550157,1.90027855153204,45.0417811163615,93.5388310939965,-62.8533426183844,-57.2783807662042,-52.6574380902353,235,226,207,52,16
"average","15712","Tyler Allgeier","ARI","RB",76.06,8.93269276310341,1.95999999999999,68.18,87.7,-53.79,-34.19,-58.21,237,197,253,47,15
"weighted","16164","Tank Bigsby","PHI","RB",64.9351671309192,6.73561287165522,1.76736225287044,57.96489872295,71.9520834329879,-64.7536211699164,-44.3552631596157,-74.2441857512439,241,193,267,53,16
"average","15716","Brian Robinson Jr.","ATL","RB",74.1,7.2852590894216,2.88000000000001,64.24,80.14,-55.75,-38.13,-65.77,242,208,275,48,16
"weighted","14080","Devin Singletary","NYG","RB",63.1678048780488,12.3982722369434,2.18423941843876,50.0416676144699,70.6568101358452,-66.5209834227869,-52.2784942680958,-75.5394590483866,245,213,273,54,16
"robust","15716","Brian Robinson Jr.","ATL","RB",75.55,4.59606000000003,0.0499999999999972,64.24,80.14,-56.25,-38.13,-65.77,250,208,275,47,15
"average","13132","Alvin Kamara","NO","RB",71.22,21.1326051399254,0.340000000000003,42.66,88.7,-58.63,-59.71,-57.21,251,264,250,49,16
"robust","15712","Tyler Allgeier","ARI","RB",75.5,9.78515999999999,0.700000000000003,68.18,87.7,-56.3,-34.19,-58.21,251,197,253,48,16
"average","17485","Kaelon Black","SF","RB",70.88,38.0897230234088,0.039999999999992,35.84,117.74,-58.97,-66.53,-28.17,252,282,195,50,16
"average","14086","Justice Hill","BAL","RB",70.84,11.2926082018283,4.71000000000001,59.4,84.4,-59.01,-42.97,-61.51,253,218,259,51,16
"robust","13132","Alvin Kamara","NO","RB",74.8,15.27078,0.649999999999991,42.66,88.7,-57,-59.71,-57.21,255,264,250,49,16
"weighted","14095","Ty Johnson","BUF","RB",60.98356545961,13.1650411364427,0.637674094707513,45.0916387203068,78.4836367866795,-68.7052228412256,-57.2285231622589,-67.7126323975523,255,225,249,55,16
"robust","17485","Kaelon Black","SF","RB",74.15,27.57636,2.45,35.84,117.74,-57.65,-66.53,-28.17,256,282,195,50,16
"weighted","13133","Samaje Perine","CIN","RB",60.3458913649025,14.8501851132579,2.06023676880223,45.4404807257879,76.6437909001304,-69.3428969359331,-56.8796811567779,-69.5524782841015,260,224,253,56,16
"robust","14086","Justice Hill","BAL","RB",71.7,12.89862,5.825,59.4,84.4,-60.1,-42.97,-61.51,263,218,259,51,16
"weighted","16178","Keaton Mitchell","LAC","RB",58.2856545961003,15.4088281793444,0.110103046835157,36.766494158795,73.748194714072,-71.4031337047354,-65.5536677237707,-72.4480744701599,264,251,261,57,16
"average","16596","Braelon Allen","NYJ","RB",66.13,18.8858611135421,0.899999999999991,47.15,90.28,-63.72,-55.22,-55.63,265,251,245,52,16
"weighted","15749","Isiah Pacheco","DET","RB",58.1755515492651,19.085423122919,1.37332313700885,42.8138774787886,85.6703725066157,-71.5132367515705,-59.5062844037771,-60.5258966776161,265,233,225,58,16
"weighted","17482","Mike Washington Jr.","LV","RB",56.8022284122563,11.8313335950849,1.53572423398329,49.0458436523081,75.6399448482779,-72.8865598885794,-53.2743182302576,-70.556324335954,269,216,257,59,16
"average","16164","Tank Bigsby","PHI","RB",65.23,6.81144257848512,1.63,58.06,72.02,-64.62,-44.31,-73.89,270,221,299,53,16
"average","14080","Devin Singletary","NYG","RB",63.6,12.2110605600005,2.38,51.61,70.69,-66.25,-50.76,-75.22,272,237,306,54,16
"weighted","17047","Dylan Sampson","CLE","RB",55.266504178273,8.99328305884251,1.58837047353761,47.5872409487803,68.453165082488,-74.4222841225627,-54.7329209337854,-77.7431041017438,276,220,279,60,16
"robust","16596","Braelon Allen","NYJ","RB",65.875,17.71707,0.474999999999994,47.15,90.28,-65.925,-55.22,-55.63,277,251,245,52,16
"robust","16164","Tank Bigsby","PHI","RB",65.4,9.71103000000001,0.0499999999999972,58.06,72.02,-66.4,-44.31,-73.89,279,221,299,53,16
"robust","14080","Devin Singletary","NYG","RB",65.35,0.148259999999992,3.55000000000001,51.61,70.69,-66.45,-50.76,-75.22,280,237,306,54,16
"average","14095","Ty Johnson","BUF","RB",61.22,13.202537634864,1.49,46.66,77.08,-68.63,-55.71,-68.83,281,252,285,55,16
"weighted","16757","Kimani Vidal","LAC","RB",53.6781337047354,20.8012000629042,1.48105849582173,27.1178205369037,79.7851855650515,-76.0106545961003,-75.202341345662,-66.4110836191804,284,299,245,61,16
"weighted","17477","Jonah Coleman","DEN","RB",52.1970752089137,20.7981843833683,0.265459610027854,21.9810797832867,72.1264555180006,-77.491713091922,-80.339082099279,-74.0698136662313,288,319,266,62,16
"weighted","16747","Tyrone Tracy Jr.","NYG","RB",51.9316155988858,34.5478032510545,0.431615598885806,15.9463604244412,93.2396530252045,-77.7571727019499,-86.3738014581245,-52.9566161590274,289,350,209,63,16
"average","13133","Samaje Perine","CIN","RB",59.73,14.7384107012934,0.437498347565416,45.93,76.38,-70.12,-56.44,-69.53,290,254,286,56,16
"average","15749","Isiah Pacheco","DET","RB",59.2925016524346,20.0247569444983,0.792501652434574,43.34,83.2355009914607,-70.5574983475654,-59.03,-62.6744990085393,292,262,264,57,17
"robust","14095","Ty Johnson","BUF","RB",61.8,14.826,0.774999999999991,46.66,77.08,-70,-55.71,-68.83,293,252,285,55,17
"average","16178","Keaton Mitchell","LAC","RB",58.5,15.5854098438251,1.54,39,73.58,-71.35,-63.37,-72.33,294,274,294,58,17
"weighted","15738","Malik Davis","DAL","RB",51.5,1.00504989516719e-14,2.10013927576601,51.5,51.5,-78.1887883008357,-50.8201618825657,-94.6962691842319,294,209,336,64,17
"robust","13133","Samaje Perine","CIN","RB",61.025,12.08319,2.325,45.93,76.38,-70.775,-56.44,-69.53,298,254,286,56,17
"average","17482","Mike Washington Jr.","LV","RB",56.96,11.729577997524,2.01000000000001,49.08,73.14,-72.89,-53.29,-72.77,299,246,295,59,17
"robust","16178","Keaton Mitchell","LAC","RB",58.7,18.97728,1.7,39,73.58,-73.1,-63.37,-72.33,303,274,294,57,17
"average","17047","Dylan Sampson","CLE","RB",54.95,8.94965083117771,0.689999999999998,47.68,66.94,-74.9,-54.69,-78.97,306,249,313,60,17
"weighted","17474","Emmett Johnson","KC","RB",49.399860724234,13.0282095355648,0.583635097493037,40.8089344315298,70.4601548411817,-80.2889275766017,-61.5112274510359,-75.7361143430501,308,237,274,65,17
"average","16757","Kimani Vidal","LAC","RB",54.26,20.3718678574155,0.439999999999991,30.3,77.62,-75.59,-72.07,-68.29,309,312,282,61,17
"average","16747","Tyrone Tracy Jr.","NYG","RB",53.82,35.116548805371,0.960000000000008,16.88,92.32,-76.03,-85.49,-53.59,310,390,242,62,17
"robust","17477","Jonah Coleman","DEN","RB",57,17.49468,0.672495042696276,25.36,71.84,-74.8,-77.01,-74.07,311,342,300,58,17
"weighted","16608","George Holani","SEA","RB",48.8162256267409,16.2133794997763,1.70699139250671,30.8600275368634,66.5851492821749,-80.8725626740947,-71.4601343457023,-79.611119902057,312,274,284,66,17
"robust","15749","Isiah Pacheco","DET","RB",56.3275049573037,12.283345899799,2.57750495730372,43.34,83.2355009914607,-75.4724950426963,-59.03,-62.6744990085393,314,262,264,59,17
"average","17477","Jonah Coleman","DEN","RB",52.86,21.0579676132337,1.36,25.36,71.84,-76.99,-77.01,-74.07,316,342,300,63,17
"weighted","16678","Sione Vaki","DET","RB",47.1092342342342,36.0102841017679,1.76090554342642,18.1770986178896,86.6004342531987,-82.5795540666014,-84.1430632646762,-59.5958349310331,316,336,223,67,17
"average","15738","Malik Davis","DAL","RB",51.5,0,1.77,51.5,51.5,-78.35,-50.87,-94.41,320,239,373,64,17
"weighted","16610","Jaylen Wright","MIA","RB",45.3483286908078,10.8548562281704,0.49714484679668,32.3654584372299,56.904318609237,-84.3404596100278,-69.9547034453358,-89.2919505749949,321,265,317,68,17
"robust","17482","Mike Washington Jr.","LV","RB",53.75,3.55824,0.300000000000004,49.08,73.14,-78.05,-53.29,-72.77,327,246,295,60,17
"weighted","16387","Christopher Brooks","GB","RB",44.8511838440111,22.6300847476204,0.755919220055702,26.3736845796232,77.8450131361409,-84.8376044568245,-75.9464773029425,-68.3512560480909,328,300,250,69,17
"average","16608","George Holani","SEA","RB",49.73,16.1088717792402,0.410000000000004,31.57,66.19,-80.12,-70.8,-79.72,329,304,318,65,17
"robust","16757","Kimani Vidal","LAC","RB",53.45,17.34642,0.0499999999999972,30.3,77.62,-78.35,-72.07,-68.29,329,312,282,61,17
"robust","16747","Tyrone Tracy Jr.","NYG","RB",53.4,45.51582,0.0500000000000114,16.88,92.32,-78.4,-85.49,-53.59,330,390,242,62,17
"robust","17047","Dylan Sampson","CLE","RB",53.35,5.9304,1.84999999999999,47.68,66.94,-78.45,-54.69,-78.97,331,249,313,63,17
"weighted","16603","Ray Davis","BUF","RB",44.0952646239554,21.6711606517648,0.00712403224716951,18.0361478369433,68.2660597289331,-85.5935236768802,-84.2840140456224,-77.9302094552988,331,338,280,70,17
"weighted","15254","Najee Harris","NYG","RB",44.0881405917083,14.501666867618,2.79204031315673,22.3128017097321,56.902907749251,-85.6006477091274,-80.0073601728336,-89.2933614349809,332,315,318,71,17
"average","17474","Emmett Johnson","KC","RB",49.32,12.9704279035042,1.65333333333333,41.06,67.22,-80.53,-61.31,-78.69,333,267,312,66,17
"robust","15738","Malik Davis","DAL","RB",51.5,0,2,51.5,51.5,-80.3,-50.87,-94.41,336,239,373,64,17
"average","16678","Sione Vaki","DET","RB",47.6666666666667,36.5420762044706,1.66666666666667,19.47,83.19,-82.1833333333333,-82.9,-62.72,342,378,265,67,17
"robust","16608","George Holani","SEA","RB",49.5,21.94248,4.2,31.57,66.19,-82.3,-70.8,-79.72,345,304,318,65,18
"average","16610","Jaylen Wright","MIA","RB",46,10.829127388668,1.32,33.5,56.96,-83.85,-68.87,-88.95,348,291,350,68,18
"weighted","16166","Sean Tucker","TB","RB",41.2961002785515,15.9639536787321,0.945125348189421,25.7880622860986,65.8231034196614,-88.3926880222841,-76.5320995964671,-80.3731657645705,348,301,288,72,17
"weighted","16385","Emari Demercado","DAL","RB",40.3509749303621,21.4049193136414,0.550974930362109,18.1244368206922,66.7603128256718,-89.3378133704735,-84.1957250618735,-79.4359563585601,351,337,282,73,17
"average","16603","Ray Davis","BUF","RB",44.68,21.537571822283,0.210000000000001,19.26,66.46,-85.17,-83.11,-79.45,353,379,317,69,18
"weighted","17046","Devin Neal","NO","RB",39.8,NA,1.1063186251555,NA,NA,-89.8887883008356,NA,NA,353,NA,NA,74,17
"average","16387","Christopher Brooks","GB","RB",44.47,22.514123345136,0.148490516119068,26.49,74.45,-85.38,-75.88,-71.46,354,330,292,70,18
"average","15254","Najee Harris","NYG","RB",44.3215094838809,14.5366242780914,2.10150948388093,25.34,56.84,-85.5284905161191,-77.03,-89.07,355,343,352,71,18
"weighted","15727","Zonovan Knight","ARI","RB",38.6936813748445,19.019002260248,1.2936813748445,17.3421478592834,61.4712439695039,-90.9951069259911,-84.9780140232824,-84.725025214728,361,342,301,75,17
"robust","17474","Emmett Johnson","KC","RB",45.3,3.85476000000001,0.249999999999986,41.06,67.22,-86.5,-61.31,-78.69,364,267,312,66,18
"robust","16678","Sione Vaki","DET","RB",45.05,29.20722,0.342452580595356,19.47,83.19,-86.75,-82.9,-62.72,365,378,265,67,18
"robust","15254","Najee Harris","NYG","RB",44.7075474194047,16.4456701959907,0.00754741940465209,25.34,56.84,-87.0924525805954,-77.03,-89.07,366,343,352,68,18
"weighted","16390","Jaleel McLaughlin","CLE","RB",37.4,NA,1.2127613075011,NA,NA,-92.2887883008356,NA,NA,366,NA,NA,76,18
"robust","16610","Jaylen Wright","MIA","RB",44.7,17.34642,1.5,33.5,56.96,-87.1,-68.87,-88.95,367,291,350,69,18
"weighted","17652","Adam Randall","BAL","RB",36.1872386924989,28.8452378383283,0.571996458832402,1.79481994289267,68.6517692985873,-93.5015496083367,-100.525341939673,-77.5444998856446,369,405,278,77,18
"average","16166","Sean Tucker","TB","RB",42.22,16.5626688670637,2.24,26.4,63.56,-87.63,-75.97,-82.35,370,331,327,72,18
"weighted","16752","Isaiah Davis","NYJ","RB",35.6152422336665,6.79850746449477,0.0202185369840251,28.1468499788676,45.5163543666605,-94.0735460671692,-74.1733119036981,-100.679914817571,373,294,355,78,18
"weighted","17049","Brashard Smith","KCC","RB",35.5950236966825,6.00050454814597,0.186847278705535,30.5176665419581,41.4719228199242,-94.0937646041532,-71.8024953406076,-104.724346364308,374,277,365,79,18
"weighted","13146","James Conner","ARI","RB",35.4081764179769,16.5452523086996,1.04564159903543,16.2111942483372,59.8189721526844,-94.2806118828587,-86.1089676342285,-86.3772970315474,376,348,306,80,18
"robust","16603","Ray Davis","BUF","RB",43.2,22.53552,2.45,19.26,66.46,-88.6,-83.11,-79.45,379,379,317,70,18
"average","16385","Emari Demercado","DAL","RB",39.98,20.8420728335739,0.18,19.08,65.06,-89.87,-83.29,-80.85,380,380,321,73,18
"average","17046","Devin Neal","NO","RB",39.8,NA,1.03404882239357,39.8,39.8,-90.05,-62.57,-106.11,381,271,415,74,18
"weighted","16432","Emanuel Wilson","SEA","RB",34.3625348189415,28.5605417175575,1.3625348189415,6.72470053048277,65.3805075779782,-95.3262534818942,-95.595461352083,-80.8157616062536,381,385,290,81,18
"average","15727","Zonovan Knight","ARI","RB",38.7659511776064,18.8883146622342,1.36595117760643,19.5425,59.0170707065638,-91.0840488223936,-82.8275,-86.8929292934361,385,377,342,75,18
"weighted","15258","Michael Carter","TEN","RB",33,NA,2.38806846828678,NA,NA,-96.6887883008357,NA,NA,385,NA,NA,82,18
"robust","16387","Christopher Brooks","GB","RB",40.75,13.12101,0.450000000000003,26.49,74.45,-91.05,-75.88,-71.46,389,330,292,71,18
"weighted","17048","Kaleb Johnson","GB","RB",30.6119315317132,28.387262514625,0.111931531713225,4.50155446535986,60.8704494360718,-99.0768567691224,-97.8186074172059,-85.3258197481601,389,391,303,83,18
"robust","16166","Sean Tucker","TB","RB",40.3,14.67774,0.349999999999994,26.4,63.56,-91.5,-75.97,-82.35,390,331,327,72,18
"weighted","14079","Miles Sanders","---","RB",30.5,NA,0.347075208913648,NA,NA,-99.1887883008357,NA,NA,390,NA,NA,84,18
"robust","16385","Emari Demercado","DAL","RB",39.95,25.50072,0.149999999999999,19.08,65.06,-91.85,-83.29,-80.85,391,380,321,73,18
"average","16390","Jaleel McLaughlin","CLE","RB",37.4,NA,1.143094690309,37.4,37.4,-92.45,-64.97,-108.51,392,279,421,76,18
"weighted","17475","Seth McGowan","IND","RB",30.1529247910864,6.00511300291632,2.25090529247911,22.0194321271314,37.3527222596011,-99.5358635097493,-80.3007297554343,-108.843546924631,392,317,370,85,18
"robust","17046","Devin Neal","NO","RB",39.8,NA,1.42714646718071,39.8,39.8,-92,-62.57,-106.11,393,271,415,74,18
"average","13146","James Conner","ARI","RB",36.256905309691,17.1827727876791,0.0388092290431103,17.72,57.28,-93.593094690309,-84.65,-88.63,396,388,348,77,18
"average","17652","Adam Randall","BAL","RB",36.2180960806479,28.6568837671608,0.242880891128728,5.26585764838873,65.605,-93.6319039193521,-97.1041423516113,-80.305,397,469,319,78,18
"average","16752","Isaiah Davis","NYJ","RB",35.9752151895192,7.04410979658127,0.055215189519167,28.56,44.64,-93.8747848104808,-73.81,-101.27,399,317,400,79,18
"average","16432","Emanuel Wilson","SEA","RB",35.92,28.5117870362417,0.619999999999997,6.94,65.42,-93.93,-95.43,-80.49,400,460,320,80,18
"robust","15727","Zonovan Knight","ARI","RB",38.3728535328193,16.5412234318386,0.788326984364261,19.5425,59.0170707065638,-93.4271464671807,-82.8275,-86.8929292934361,401,377,342,75,18
"weighted","17059","Ollie Gordon II","MIA","RB",27.9020194986072,11.1408720185684,1.03443176013576,14.4526374056173,44.7065826902953,-101.786768802228,-87.8675244769484,-101.489686493937,401,356,359,86,18
"average","17049","Brashard Smith","KCC","RB",35.3,5.7974132162543,2.3,30.74,40.91,-94.55,-71.63,-105,402,308,411,81,18
"robust","13146","James Conner","ARI","RB",37.584526548455,15.6926190607394,0.184526548455025,17.72,57.28,-94.215473451545,-84.65,-88.63,403,388,348,76,18
"robust","16390","Jaleel McLaughlin","CLE","RB",37.4,NA,1.18190391935211,37.4,37.4,-94.4,-64.97,-108.51,406,279,421,77,18
"weighted","17055","Jordan James","SF","RB",26.8675877384715,12.6518877389457,0.0951349082828123,14.5981988140834,45.2360351607646,-102.821200562364,-87.7219630684823,-100.960234023467,406,355,356,87,18
"weighted","16595","Estime, Audric","NOS","RB",26.7724528301887,13.3643181644257,0.772452830188676,18.1996427524943,36.3684571837568,-102.916335470647,-84.1205191300714,-109.827812000475,407,335,372,88,18
"robust","17652","Adam Randall","BAL","RB",36.2180960806479,26.7072715016629,0.0420201330520484,5.26585764838873,65.605,-95.5819039193521,-97.1041423516113,-80.305,408,469,319,78,18
"weighted","17337","Zavier Scott","CHI","RB",26,NA,0.371866295264624,NA,NA,-103.688788300836,NA,NA,409,NA,NA,89,18
"robust","16752","Isaiah Davis","NYJ","RB",36.1760759475958,7.3775301999056,0.0260759475958423,28.56,44.64,-95.6239240524042,-73.81,-101.27,410,317,400,79,18
"weighted","17061","LeQuint Allen","JAC","RB",25.6281337047354,8.18951417332009,0.767270194986075,13.5138512911418,33.4029231716336,-104.0606545961,-88.806310591424,-112.793346012598,410,362,378,90,18
"average","15258","Michael Carter","TEN","RB",33,NA,0.964893617021275,33,33,-96.85,-69.37,-112.91,411,293,433,82,18
"robust","16432","Emanuel Wilson","SEA","RB",36.15,41.95758,1.225,6.94,65.42,-95.65,-95.43,-80.49,411,460,320,80,18
"weighted","16171","Kendre Miller","NO","RB",24.8608635097493,10.6711538613729,1.8106779789574,9.62187433852677,34.6426593443472,-104.827924791086,-92.698287544039,-111.553609839885,412,376,377,91,18
"average","17048","Kaleb Johnson","GB","RB",32.0351063829787,29.2928931823301,1.07010638297872,6.35053191489362,59.0005319148936,-97.8148936170213,-96.0194680851064,-86.9094680851064,414,462,343,83,19
"robust","17049","Brashard Smith","KCC","RB",34.925,5.04084,1.925,30.74,40.91,-96.875,-71.63,-105,414,308,411,81,19
"average","11367","Kyle Juszczyk","SF","RB",30.965,4.46283542156777,0.465000000000003,25.845,35.084,-98.885,-76.525,-110.826,416,339,426,84,19
"weighted","17481","Demond Claiborne","MIN","RB",23.0501855307919,12.6509111278376,0.48991155818916,8.28172751398481,42.6354821855877,-106.638602770044,-94.0384343685809,-103.560786998644,416,382,363,92,18
"average","14079","Miles Sanders","---","RB",30.5,NA,0.219999999999999,30.5,30.5,-99.35,-71.87,-115.41,417,310,443,85,19
"robust","15258","Michael Carter","TEN","RB",33,NA,1.42234042553191,33,33,-98.8,-69.37,-112.91,418,293,433,82,19
"average","17475","Seth McGowan","IND","RB",30.28,6.15361682264991,1.81,22.8,36.96,-99.57,-79.57,-108.95,419,362,422,86,19
"weighted","17062","Raheim Sanders","CLE","RB",22.5602739726027,3.60189867076318,0.220204286191588,19.5726975409844,26.4415822211395,-107.128514328233,-82.7474643415813,-119.754686963092,419,328,383,93,18
"weighted","16688","Isaac Guerendo","SF","RB",22.3400696864112,1.34350288425444,0.248650613650504,21.4247369636537,23.2734375797229,-107.348718614424,-80.895424918912,-122.922831604509,421,321,388,94,19
"robust","17048","Kaleb Johnson","GB","RB",31.5776595744681,39.2967861702128,0.137659574468081,6.35053191489362,59.0005319148936,-100.222340425532,-96.0194680851064,-86.9094680851064,422,462,343,83,19
"weighted","17060","DJ Giddens","IND","RB",22.0914190727606,11.4675344729455,0.00198511049649497,11.7629787635721,41.2717903814758,-107.597369228075,-90.5571831189936,-104.924478802756,422,368,366,95,19
"robust","11367","Kyle Juszczyk","SF","RB",31.44,3.26172,0.940000000000005,25.845,35.084,-100.36,-76.525,-110.826,423,339,426,84,19
"weighted","17069","Blue, Jaydon","PHI","RB",22.0894339622642,17.9605122421383,1.46737632941906,10.5683029583786,35.0633464241264,-107.599354338572,-91.7518589241871,-111.132922760106,423,373,376,96,19
"average","17059","Ollie Gordon II","MIA","RB",28.47,11.6223168946643,1.02,16.31,42.57,-101.38,-86.06,-103.34,424,395,406,87,19
"robust","14079","Miles Sanders","---","RB",30.5,NA,2.3590573489011,30.5,30.5,-101.3,-71.87,-115.41,426,310,443,85,19
"robust","17475","Seth McGowan","IND","RB",30.5,5.1891,0,22.8,36.96,-101.3,-79.57,-108.95,426,362,422,85,19
"average","16595","Estime, Audric","NOS","RB",27.45,13.3643181644257,0.10181146978022,18.945,35.955,-102.4,-83.425,-109.955,427,381,424,88,19
"average","17055","Jordan James","SF","RB",27.3481885302198,13.1567052664242,1.34818853021978,14.66,43.6,-102.50181146978,-87.71,-102.31,428,406,405,89,19
"weighted","17476","Nicholas Singleton","TEN","RB",20.6220576328451,22.7066749153732,0.341277688555401,1.69493022778198,58.8926111409228,-109.066730667991,-100.625231654784,-87.3036580433091,429,406,310,97,19
"weighted","17478","Kaytron Allen","WAS","RB",20.2807799442897,8.41440322205133,1.86821449926351,8.53959835824064,28.8515580291708,-109.408008356546,-93.7805635243251,-117.344711155061,431,380,381,98,19
"average","17337","Zavier Scott","CHI","RB",26,NA,0.16,26,26,-103.85,-76.37,-119.91,436,334,453,90,19
"robust","17055","Jordan James","SF","RB",28.1409426510989,18.4449415745192,0.590942651098903,14.66,43.6,-103.659057348901,-87.71,-102.31,436,406,405,86,19
"weighted","16601","Will Shipley","PHI","RB",18.4125654450262,7.64537946876552,1.79026579345823,12.3411326474237,27.2134146792888,-111.276222855809,-89.979029235142,-118.982854504943,437,366,382,99,19
"average","17061","LeQuint Allen","JAC","RB",25.84,8.32784485926581,0.379999999999999,14.88,33.26,-104.01,-87.49,-112.65,438,401,431,91,19
"robust","17061","LeQuint Allen","JAC","RB",27.55,6.6717,0.0500000000000007,14.88,33.26,-104.25,-87.49,-112.65,439,401,431,87,19
"average","16171","Kendre Miller","NO","RB",25.46,10.5355588366256,1.82658189667696,11.8,34.68,-104.39,-90.57,-111.23,440,430,427,92,19
"robust","17059","Ollie Gordon II","MIA","RB",27.5,0.518910000000002,0.0500000000000007,16.31,42.57,-104.3,-86.06,-103.34,440,395,406,88,19
"robust","16595","Estime, Audric","NOS","RB",27.45,14.01057,1.45,18.945,35.955,-104.35,-83.425,-109.955,441,381,424,89,19
"average","17481","Demond Claiborne","MIN","RB",23.633418103323,13.2802680797737,0.633418103323038,10.06,40.213418103323,-106.216581896677,-92.31,-105.696581896677,443,446,412,93,19
"average","17069","Blue, Jaydon","PHI","RB",23,17.9605122421383,0.281988669755229,11.57,34.43,-106.85,-90.8,-111.48,444,432,428,94,19
"average","17060","DJ Giddens","IND","RB",22.7180113302448,12.0986412132737,0.118011330244769,12.42,38.9380113302448,-107.131988669755,-89.95,-106.971988669755,445,425,416,95,19
"average","17062","Raheim Sanders","CLE","RB",22.6,3.63455636907725,0.25,19.72,26.11,-107.25,-82.65,-119.8,446,375,452,96,19
"robust","17337","Zavier Scott","CHI","RB",26,NA,0.300000000000001,26,26,-105.8,-76.37,-119.91,446,334,453,90,19
"robust","16171","Kendre Miller","NO","RB",25.7,12.6021,2.7,11.8,34.68,-106.1,-90.57,-111.23,447,430,427,91,19
"weighted","16391","Hunter Luepke","DAL","RB",16.6222996515679,3.7476659402887,0.468152732136666,14.0690031091392,19.225904827648,-113.066488649268,-88.2511587734265,-126.970364356584,447,357,394,100,19
"average","16688","Isaac Guerendo","SF","RB",22.35,1.34350288425444,0.437595693779905,21.495,23.205,-107.5,-80.875,-122.705,448,369,456,97,19
"weighted","15718","Tyler Badie","DEN","RB",16.1541469194313,4.22536421728377,0.165204611738973,12.13077232169,20.518082966171,-113.534641381404,-90.1893895608757,-125.678186218061,448,367,392,101,19
"average","17476","Nicholas Singleton","TEN","RB",21.9124043062201,23.9600659132757,1.2124043062201,2.46,54.1124043062201,-107.93759569378,-99.91,-91.7975956937799,451,497,363,98,19
"weighted","17056","Etienne, Trevor","CAR","RB",15.9889423076923,17.0309683166995,0.025876105601716,3.72628853913249,35.8655822416782,-113.699845993143,-98.5938733434332,-110.330686942554,451,396,373,102,19
"weighted","13143","Jeremy McNichols","WAS","RB",15.9630662020906,1.76776695296637,0.615577617615703,14.7349505529962,17.1674513636136,-113.725722098745,-87.5852113295695,-129.028817820618,452,354,400,103,19
"weighted","16175","Roschon Johnson","CHI","RB",15.3474885844749,6.0481061989055,1.16496757607153,9.48260640271884,21.1204329172214,-114.341299716361,-92.8375554798469,-125.07583626701,454,378,390,104,19
"average","17478","Kaytron Allen","WAS","RB",20.7,8.33516646504435,2.15,9.82,28.42,-109.15,-92.55,-117.49,456,448,445,99,19
"robust","17069","Blue, Jaydon","PHI","RB",23,18.82902,0.625,11.57,34.43,-108.8,-90.8,-111.48,458,432,428,92,19
"robust","17062","Raheim Sanders","CLE","RB",22.375,3.26172,0.0249999999999986,19.72,26.11,-109.425,-82.65,-119.8,461,375,452,93,19
"robust","16688","Isaac Guerendo","SF","RB",22.35,1.40847,0.150000000000002,21.495,23.205,-109.45,-80.875,-122.705,462,369,456,94,19
"robust","17481","Demond Claiborne","MIN","RB",22.2,2.22389999999999,0.999999999999996,10.06,40.213418103323,-109.6,-92.31,-105.696581896677,463,446,412,95,19
"average","16601","Will Shipley","PHI","RB",18.55,7.50311046611115,1.51666666666667,12.315,26.675,-111.3,-90.055,-119.235,464,428,451,100,20
"weighted","16850","Jacob Saylors","DET","RB",14.1825210084034,15.5478487377123,0.982521008403362,0.787508810146173,32.8011383059327,-115.506267292432,-101.53265307242,-113.395130878299,464,409,379,105,19
"weighted","12155","Ameer Abdullah","JAC","RB",13.2,0,0.0909407665505224,13.2,13.2,-116.488788300836,-89.1201618825657,-132.996269184232,466,364,407,106,19
"robust","17478","Kaytron Allen","WAS","RB",21.2,7.85778000000001,1.2,9.82,28.42,-110.6,-92.55,-117.49,467,448,445,96,20
"weighted","17685","Eli Heidenreich","PIT","RB",13.1090592334495,7.99030662740799,0.951263650099859,7.55797649954295,18.5528801635334,-116.579729067386,-94.7621853830228,-127.643389020698,467,384,398,107,19
"average","17056","Etienne, Trevor","CAR","RB",17.0333333333333,17.5776373080495,0.383333333333336,4.22,34.28,-112.816666666667,-98.15,-111.63,469,478,430,101,20
"robust","17060","DJ Giddens","IND","RB",20,5.1891,1.45,12.42,38.9380113302448,-111.8,-89.95,-106.971988669755,471,425,416,97,20
"weighted","16746","Rasheen Ali","BAL","RB",12.1577955833496,1.55733573332231,0.25152380634613,10.1125407889508,13.7390311189946,-117.530992717486,-92.207621093615,-132.457238065237,471,374,404,108,19
"average","16391","Hunter Luepke","DAL","RB",16.65,3.7476659402887,0.299999999999997,14.265,19.035,-113.2,-88.105,-126.875,472,408,465,102,20
"weighted","16816","British Brooks","HOU","RB",11.9062717770035,0.848528137423858,0.282938443670151,11.3167762654382,12.4843766545345,-117.782516523832,-91.0033856171275,-133.711892529697,472,369,410,109,19
"average","15718","Tyler Badie","DEN","RB",16.35,4.35,0.400000000000002,12.435,20.265,-113.5,-89.935,-125.645,474,424,464,103,20
"weighted","17058","Tahj Brooks","CIN","RB",11.6233333333333,7.32692862370063,0.102427409988389,5.82676175039708,19.3126618738734,-118.065454967502,-96.4934001321686,-126.883607310358,474,387,393,110,19
"weighted","17274","Corey Kiner","NE","RB",11.5209059233449,2.82842712474619,3.20766550522648,9.55592088479396,13.4479221817817,-118.167882377491,-92.7642409977718,-132.74834700245,475,377,406,111,19
"average","13143","Jeremy McNichols","WAS","RB",15.95,1.76776695296637,0.516666666666666,14.825,17.075,-113.9,-87.545,-128.835,476,404,472,104,20
"robust","16601","Will Shipley","PHI","RB",18.55,7.19061,1.05,12.315,26.675,-113.25,-90.055,-119.235,477,428,451,98,20
"average","16175","Roschon Johnson","CHI","RB",15.4333333333333,6.00444279957211,0.183333333333334,9.94,20.74,-114.416666666667,-92.43,-125.17,479,447,460,105,20
"average","14319","Andrew Beck","NYJ","RB",15.25,1.20208152801713,1.1,14.485,16.015,-114.6,-87.885,-129.895,481,407,475,106,20
"robust","17476","Nicholas Singleton","TEN","RB",17.5,14.826,0.850000000000001,2.46,54.1124043062201,-114.3,-99.91,-91.7975956937799,481,497,363,99,20
"weighted","14805","AJ Dillon","CAR","RB",8.31324041811847,8.55599205235723,0.213240418118469,2.36916067650174,14.1424645998898,-121.375547882717,-99.951001206064,-132.053804584342,482,404,403,112,19
"robust","16391","Hunter Luepke","DAL","RB",16.65,3.92889,0.299999999999997,14.265,19.035,-115.15,-88.105,-126.875,483,408,465,100,20
"weighted","15726","Rivers, Ronnie","LAR","RB",8.1,NA,0.199999999999999,NA,NA,-121.588788300836,NA,NA,483,NA,NA,113,19
"robust","15718","Tyler Badie","DEN","RB",16.35,6.44931,0.400000000000002,12.435,20.265,-115.45,-89.935,-125.645,484,424,464,101,20
"weighted","16168","Abanikanda, Israel","DAL","RB",7.9,NA,1.00777027027027,NA,NA,-121.788788300836,NA,NA,484,NA,NA,114,20
"average","16850","Jacob Saylors","DET","RB",14.15,15.5032254708496,0.950000000000001,0.915,31.445,-115.7,-101.455,-114.465,485,508,440,107,20
"weighted","15414","Kene Nwangwu","NYJ","RB",6.89222972972973,6.15698447001596,2.39222972972973,0.813005014929761,12.8974093516755,-122.796558571106,-101.507156867636,-133.298859832556,485,408,408,115,20
"robust","13143","Jeremy McNichols","WAS","RB",15.95,1.85325,0.449999999999999,14.825,17.075,-115.85,-87.545,-128.835,486,404,472,102,20
"weighted","15965","Chestnut, Julius","TEN","RB",4.5,NA,0.8,NA,NA,-125.188788300836,NA,NA,486,NA,NA,116,20
"weighted","14420","Ingold, Alec","LAC","RB",3.7,NA,0.100000000000001,NA,NA,-125.988788300836,NA,NA,487,NA,NA,117,20
"weighted","16180","Hull, Evan","ARI","RB",3.7,NA,0,NA,NA,-125.988788300836,NA,NA,487,NA,NA,117,20
"weighted","17348","Carter, Nathan","ATL","RB",3.6,NA,0.0999999999999996,NA,NA,-126.088788300836,NA,NA,488,NA,NA,118,20
"robust","16175","Roschon Johnson","CHI","RB",15.5,8.30256,0.0500000000000007,9.94,20.74,-116.3,-92.43,-125.17,489,447,460,103,20
"weighted","15103","Gilliam, Reggie","NEP","RB",3.5,NA,0.5,NA,NA,-126.188788300836,NA,NA,489,NA,NA,119,20
"average","12155","Ameer Abdullah","JAC","RB",13.2,0,0.149999999999999,13.2,13.2,-116.65,-89.17,-132.71,490,419,487,108,20
"robust","17056","Etienne, Trevor","CAR","RB",15.45,10.67472,0.199999999999999,4.22,34.28,-116.35,-98.15,-111.63,491,478,430,104,20
"weighted","16613","Dylan Laube","LV","RB",3,0,0.0999999999999996,3,3,-126.688788300836,-99.3201618825657,-143.196269184232,491,402,417,120,20
"average","17685","Eli Heidenreich","PIT","RB",13.05,7.99030662740799,0.908139534883722,7.965,18.135,-116.8,-94.405,-127.775,492,455,468,109,20
"weighted","17648","Riley Nowakowski","PIT","RB",2.9,NA,0.5,NA,NA,-126.788788300836,NA,NA,492,NA,NA,121,20
"robust","14319","Andrew Beck","NYJ","RB",15.25,1.26021,1.1,14.485,16.015,-116.55,-87.885,-129.895,493,407,475,105,20
"weighted","16335","Matlock, Scott","LAC","RB",2.4,NA,2.1,NA,NA,-127.288788300836,NA,NA,493,NA,NA,122,20
"weighted","13455","Ricard, Patrick","NYG","RB",0.3,NA,0,NA,NA,-129.388788300836,NA,NA,494,NA,NA,123,20
"average","16746","Rasheen Ali","BAL","RB",12.1418604651163,1.58614198716929,0.241860465116277,10.3251162790698,13.62,-117.708139534884,-92.0448837209302,-132.29,496,443,483,110,20
"robust","16850","Jacob Saylors","DET","RB",14.15,14.23296,0.950000000000001,0.915,31.445,-117.65,-101.455,-114.465,496,508,440,106,20
"average","16816","British Brooks","HOU","RB",11.9,0.848528137423858,0.400000000000002,11.36,12.44,-117.95,-91.01,-133.47,497,435,491,111,20
"robust","12155","Ameer Abdullah","JAC","RB",13.2,0,0.149999999999999,13.2,13.2,-118.6,-89.17,-132.71,498,419,487,107,20
"robust","17685","Eli Heidenreich","PIT","RB",13.05,8.37669,0.774418604651164,7.965,18.135,-118.75,-94.405,-127.775,499,455,468,108,20
"average","17274","Corey Kiner","NE","RB",11.5,2.82842712474619,0.0999999999999996,9.7,13.3,-118.35,-92.67,-132.61,500,449,486,112,20
"average","17058","Tahj Brooks","CIN","RB",11.4,7.27942305406136,2.9,6.02,18.53,-118.45,-96.35,-127.38,501,464,466,113,20
"robust","16746","Rasheen Ali","BAL","RB",12.2755813953488,1.21021534883721,0.375581395348835,10.3251162790698,13.62,-119.524418604651,-92.0448837209302,-132.29,501,443,483,109,20
"robust","16816","British Brooks","HOU","RB",11.9,0.889560000000001,0.400000000000002,11.36,12.44,-119.9,-91.01,-133.47,502,435,491,110,20
"robust","17274","Corey Kiner","NE","RB",11.5,2.9652,0.724999999999998,9.7,13.3,-120.3,-92.67,-132.61,504,449,486,111,20
"robust","17058","Tahj Brooks","CIN","RB",10.775,4.74432,2.275,6.02,18.53,-121.025,-96.35,-127.38,505,464,466,112,20
"robust","12325","Michael Burton","CLE","RB",8.5,12.30558,0.25,1.03,15.97,-123.3,-101.34,-129.94,506,507,477,113,20
"robust","14805","AJ Dillon","CAR","RB",8.25,8.96973,0.15,2.805,13.695,-123.55,-99.565,-132.215,507,495,482,114,20
"robust","15726","Rivers, Ronnie","LAR","RB",8.1,NA,0.199999999999999,8.1,8.1,-123.7,-94.27,-137.81,508,453,506,115,20
"robust","16168","Abanikanda, Israel","DAL","RB",7.9,NA,1.05,7.9,7.9,-123.9,-94.47,-138.01,509,456,507,116,21
"robust","15414","Kene Nwangwu","NYJ","RB",6.85,9.26625,2.35,1.225,12.475,-124.95,-101.145,-133.435,510,506,490,117,21
"average","12325","Michael Burton","CLE","RB",8.5,11.7379725676967,0.25,1.03,15.97,-121.35,-101.34,-129.94,511,507,477,114,20
"robust","15965","Chestnut, Julius","TEN","RB",4.5,NA,0.8,4.5,4.5,-127.3,-97.87,-141.41,511,477,517,118,21
"average","14805","AJ Dillon","CAR","RB",8.25,8.55599205235722,0.15,2.805,13.695,-121.6,-99.565,-132.215,512,495,482,115,20
"robust","14420","Ingold, Alec","LAC","RB",3.7,NA,0.100000000000001,3.7,3.7,-128.1,-98.67,-142.21,512,483,520,119,21
"robust","16180","Hull, Evan","ARI","RB",3.7,NA,0,3.7,3.7,-128.1,-98.67,-142.21,512,483,520,119,21
"average","15726","Rivers, Ronnie","LAR","RB",8.1,NA,0.199999999999999,8.1,8.1,-121.75,-94.27,-137.81,513,453,506,116,20
"robust","17348","Carter, Nathan","ATL","RB",3.6,NA,0.0999999999999996,3.6,3.6,-128.2,-98.77,-142.31,513,485,521,120,21
"average","16168","Abanikanda, Israel","DAL","RB",7.9,NA,1.05,7.9,7.9,-121.95,-94.47,-138.01,514,456,507,117,20
"robust","15103","Gilliam, Reggie","NEP","RB",3.5,NA,0.5,3.5,3.5,-128.3,-98.87,-142.41,514,486,523,121,21
"average","15414","Kene Nwangwu","NYJ","RB",6.85,6.25,2.35,1.225,12.475,-123,-101.145,-133.435,515,506,490,118,20
"robust","16613","Dylan Laube","LV","RB",3,0,0.0999999999999996,3,3,-128.8,-99.37,-142.91,515,491,525,122,21
"average","15965","Chestnut, Julius","TEN","RB",4.5,NA,0.8,4.5,4.5,-125.35,-97.87,-141.41,516,477,517,119,20
"robust","17648","Riley Nowakowski","PIT","RB",2.9,NA,0.5,2.9,2.9,-128.9,-99.47,-143.01,516,493,527,123,21
"average","14420","Ingold, Alec","LAC","RB",3.7,NA,0.100000000000001,3.7,3.7,-126.15,-98.67,-142.21,517,483,520,120,20
"average","16180","Hull, Evan","ARI","RB",3.7,NA,0,3.7,3.7,-126.15,-98.67,-142.21,517,483,520,120,20
"robust","16335","Matlock, Scott","LAC","RB",2.4,NA,2.1,2.4,2.4,-129.4,-99.97,-143.51,517,499,531,124,21
"average","17348","Carter, Nathan","ATL","RB",3.6,NA,0.0999999999999996,3.6,3.6,-126.25,-98.77,-142.31,518,485,521,121,20
"average","15103","Gilliam, Reggie","NEP","RB",3.5,NA,0.5,3.5,3.5,-126.35,-98.87,-142.41,519,486,523,122,21
"robust","13455","Ricard, Patrick","NYG","RB",0.3,NA,0,0.3,0.3,-131.5,-102.07,-145.61,519,511,532,125,21
"average","16613","Dylan Laube","LV","RB",3,0,0.0999999999999996,3,3,-126.85,-99.37,-142.91,520,491,525,123,21
"average","17648","Riley Nowakowski","PIT","RB",2.9,NA,0.5,2.9,2.9,-126.95,-99.47,-143.01,521,493,527,124,21
"average","16335","Matlock, Scott","LAC","RB",2.4,NA,2.1,2.4,2.4,-127.45,-99.97,-143.51,522,499,531,125,21
"average","13455","Ricard, Patrick","NYG","RB",0.3,NA,0,0.3,0.3,-129.55,-102.07,-145.61,524,511,532,126,21
"average","15794","Trey McBride","ARI","TE",151.341428571429,13.1793227299072,17.6871428571428,135.645,169.595,46.6414285714286,43.225,54.215,30,35,29,1,1
"weighted","15794","Trey McBride","ARI","TE",150.869846796657,15.9185031790346,20.24213091922,133.819650887121,170.75274490375,47.5297353760446,46.9835032237487,55.0586613511179,30,33,28,1,1
"robust","15794","Trey McBride","ARI","TE",150.27,13.743702,11.49,135.645,169.595,46.87,43.225,54.215,32,35,29,1,1
"robust","16641","Brock Bowers","LV","TE",138.78,14.292264,16.235,97.28,154.41,35.38,4.86,39.03,39,96,38,2,2
"average","16641","Brock Bowers","LV","TE",133.654285714286,24.0257104349645,10.6464285714286,97.28,154.41,28.9542857142857,4.86,39.03,43,96,38,2,2
"weighted","16641","Brock Bowers","LV","TE",130.627715877437,28.525835423891,10.9193802228412,86.1420531254898,155.147385780929,27.2876044568245,-0.694094537882833,39.4533022282969,48,103,37,2,2
"average","17104","Colston Loveland","CHI","TE",123.007857142857,8.52229617784181,4.17595238095238,111.2485,130.865,18.3078571428571,18.8285,15.485,59,63,63,3,2
"robust","17104","Colston Loveland","CHI","TE",122.545,7.65021599999999,3.23583333333335,111.2485,130.865,19.145,18.8285,15.485,60,63,63,3,2
"weighted","17104","Colston Loveland","CHI","TE",119.708335654596,7.94105998410888,0.545081244196865,110.659964853934,129.212595334383,16.3682242339833,23.8238171905616,13.5185117817514,63,59,63,3,2
"robust","17102","Tyler Warren","IND","TE",119.309166666667,4.442858,4.50805555555556,106.555,128.238333333333,15.9091666666667,14.135,12.8583333333333,64,72,68,4,3
"weighted","17102","Tyler Warren","IND","TE",119.163254410399,10.5705112953532,1.57961389662643,103.268801485496,128.9072875136,15.8231429897864,16.4326538221234,13.2132039609685,65,70,65,4,2
"average","17102","Tyler Warren","IND","TE",118.831904761905,8.61210665008168,1.49912698412699,106.555,128.238333333333,14.1319047619048,14.135,12.8583333333333,69,72,68,4,2
"weighted","17103","Harold Fannin Jr.","CLE","TE",117.583640513773,18.7111244154442,2.84596641906529,100.176597583967,140.478437686042,14.24352909316,13.3404499205945,24.7843541334098,69,82,51,5,2
"average","17103","Harold Fannin Jr.","CLE","TE",117.332777777778,15.3925163594697,2.15992063492064,100.5225,139.118277777778,12.6327777777778,8.10249999999999,23.7382777777778,73,88,52,5,3
"robust","17103","Harold Fannin Jr.","CLE","TE",114.801111111111,19.2754473333333,0.693611111111096,100.5225,139.118277777778,11.4011111111111,8.10249999999999,23.7382777777778,76,88,52,5,3
"average","13674","Dallas Goedert","PHI","TE",115.172857142857,22.3463686194467,1.14714285714284,90.155,146.409,10.4728571428571,-2.265,31.029,77,108,44,6,3
"weighted","13674","Dallas Goedert","PHI","TE",114.737674094708,26.8582212866324,2.91942896935933,86.8361476633727,155.69265826874,11.3975626740947,0,39.9985747161079,77,101,36,6,3
"robust","13674","Dallas Goedert","PHI","TE",114.1075,6.79030799999998,0.132500000000007,90.155,146.409,10.7075,-2.265,31.029,78,108,44,6,3
"robust","13299","George Kittle","SF","TE",113.975,7.67986800000001,0.399999999999991,107.77,120.04,10.575,15.35,4.66000000000001,79,69,92,7,3
"robust","16222","Tucker Kraft","GB","TE",113.575,14.0847,0.690000000000012,102.45,124.88,10.175,10.03,9.5,80,84,81,8,3
"average","13299","George Kittle","SF","TE",114.025714285714,5.54599512303806,1.05428571428573,107.77,120.04,9.3257142857143,15.35,4.66000000000001,82,69,92,7,3
"robust","16214","Sam LaPorta","DET","TE",112.885,7.85778000000002,3.185,104.1,121.882,9.485,11.68,6.502,82,81,87,9,4
"weighted","16222","Tucker Kraft","GB","TE",111.818245125348,11.2995771162058,0.24267409470751,102.366327103593,125.0151075654,8.47813370473538,15.5301794402199,9.3210240127685,83,73,78,7,3
"weighted","13299","George Kittle","SF","TE",111.575571030641,4.61982371258175,1.51470752089138,107.459100673863,118.198355042501,8.23545961002787,20.6229530104907,2.50427148986904,84,63,94,8,3
"average","16222","Tucker Kraft","GB","TE",112.971428571429,9.31516940009042,0.602857142857133,102.45,124.88,8.27142857142857,10.03,9.5,86,84,81,8,3
"average","16214","Sam LaPorta","DET","TE",112.368571428571,7.79916967497488,2.08857142857144,104.1,121.882,7.66857142857144,11.68,6.502,87,81,87,9,3
"weighted","15329","Kyle Pitts","ATL","TE",110.060863509749,4.99976671319692,0.263138347260906,103.261764221159,115.694083552632,6.7207520891365,16.4256165577863,0,88,71,101,9,3
"robust","15329","Kyle Pitts","ATL","TE",109.7,5.33736000000001,0.433333333333323,104.24,115.38,6.3,11.82,0,89,80,103,10,4
"weighted","13671","Mark Andrews","BAL","TE",109.797725162488,5.93751781312601,0.0524605385329693,102.190044793009,115.932410981265,6.45761374187559,15.3538971296364,0.238327428632914,89,75,100,10,3
"weighted","16214","Sam LaPorta","DET","TE",109.745264623955,7.7793023139848,5.41267409470753,103.407442561655,122.176066825799,6.40515320334262,16.5712948982824,6.48198327316737,90,68,84,11,3
"robust","13671","Mark Andrews","BAL","TE",109.266666666667,5.09025999999996,4.03166666666667,102.606666666667,115.526666666667,5.86666666666667,10.1866666666667,0.146666666666647,91,83,102,11,4
"average","15329","Kyle Pitts","ATL","TE",110.28,4.89816292093271,0.426666666666662,104.24,115.38,5.58,11.82,0,92,80,103,10,3
"average","13671","Mark Andrews","BAL","TE",109.853333333333,5.93453171418493,4.44761904761904,102.606666666667,115.526666666667,5.15333333333334,10.1866666666667,0.146666666666647,93,83,102,11,4
"robust","11244","Travis Kelce","KC","TE",105.235,6.07865999999999,1.83500000000001,95.71,112.561,1.83500000000001,3.28999999999999,-2.819,98,98,110,12,5
"weighted","16213","Dalton Kincaid","BUF","TE",104.332590529248,13.2300404281183,0.992479108635095,93.345417887742,124.350650953007,0.992479108635095,6.50927022436937,8.65656740037471,98,92,81,12,4
"average","11244","Travis Kelce","KC","TE",105.405714285714,7.23272161117528,0.705714285714294,95.71,112.561,0.705714285714294,3.28999999999999,-2.819,101,98,110,12,4
"weighted","11244","Travis Kelce","KC","TE",103.340111420613,7.91468104512165,3.600069637883,94.1421352106574,113.285602829921,0,7.30598754728477,-2.40848072271086,101,90,109,13,4
"average","16213","Dalton Kincaid","BUF","TE",104.7,13.0744024720061,4.27,93.98,122.26,0,1.56,6.87999999999998,103,101,85,13,4
"robust","16213","Dalton Kincaid","BUF","TE",103.4,7.413,2.8,93.98,122.26,0,1.56,6.87999999999998,103,101,85,13,5
"weighted","15798","Isaiah Likely","NYG","TE",99.7400417827298,15.3058782651312,0.475835654596111,85.4863494720602,119.247836613328,-3.600069637883,-1.3497981913125,3.55375306069566,108,105,91,14,4
"robust","15798","Isaiah Likely","NYG","TE",100.6,15.64143,1.05,85.87,118.49,-2.8,-6.54999999999998,3.11,110,118,96,14,5
"weighted","12676","Hunter Henry","NE","TE",99.2642061281337,6.57632461703919,8.0458217270195,92.4813958475069,106.449535068363,-4.07590529247911,5.64524818413423,-9.24454848426896,110,95,125,15,5
"average","15798","Isaiah Likely","NYG","TE",100.43,15.2572359882123,0.950000000000003,85.87,118.49,-4.27,-6.54999999999998,3.11,114,118,96,14,4
"average","12676","Hunter Henry","NE","TE",99.48,6.66610830995117,7.98,92.42,106.2,-5.22,0,-9.18000000000001,116,103,132,15,5
"robust","12676","Hunter Henry","NE","TE",99.55,7.56125999999999,10,92.42,106.2,-3.84999999999999,0,-9.18000000000001,116,103,132,15,6
"weighted","16269","Brenton Strange","JAC","TE",91.2183844011142,15.2493670869744,1.18481894150416,80.873313348092,115.09860685317,-12.1217270194986,-5.96283431528067,-0.595476699461841,126,113,102,16,5
"weighted","14861","Juwan Johnson","NO","TE",90.03356545961,10.2522406773137,3.94853760445685,80.9210752382168,104.933033649239,-13.3065459610028,-5.91507242515588,-10.7610499033932,128,112,128,17,5
"weighted","15799","Jake Ferguson","DAL","TE",86.0850278551532,5.47010580880975,2.36511142061281,80.5584055487394,93.6931403049636,-17.2550835654596,-6.27774211463323,-22.0009432476683,135,114,152,18,6
"average","16269","Brenton Strange","JAC","TE",91.5,15.1148933175196,0.779999999999987,80.98,112.24,-13.2,-11.44,-3.14,137,133,113,16,5
"average","14861","Juwan Johnson","NO","TE",90.72,10.507473530778,4.45000000000002,81.1,104,-13.98,-11.32,-11.38,139,132,140,17,6
"weighted","14138","T.J. Hockenson","MIN","TE",83.7199164345404,8.97402548114544,1.09331476323119,75.2066867216324,98.6631779443105,-19.6201949860724,-11.6294609417403,-17.0309056083214,144,123,139,19,6
"robust","14861","Juwan Johnson","NO","TE",89.55,10.52646,1.30000000000001,81.1,104,-13.85,-11.32,-11.38,145,132,140,16,6
"weighted","15331","Pat Freiermuth","PIT","TE",82.6266016713092,10.8231826366224,2.00710306406687,67.3133139863927,94.4208201099743,-20.7135097493036,-19.52283367698,-21.2732634426576,148,142,148,20,6
"robust","16269","Brenton Strange","JAC","TE",88.25,4.15128000000002,2,80.98,112.24,-15.15,-11.44,-3.14,149,133,113,17,6
"robust","15799","Jake Ferguson","DAL","TE",86.25,5.85627000000003,2.67499999999998,80.83,93.27,-17.15,-11.59,-22.11,155,134,173,18,7
"weighted","13772","Dalton Schultz","HOU","TE",80.6194986072423,8.66925003736638,2.25181058495821,70.8425743393507,89.5327445472113,-22.7206128133705,-15.993573324022,-26.1613390054206,155,130,165,21,6
"average","15799","Jake Ferguson","DAL","TE",86.27,5.63100790267604,1.94999999999999,80.83,93.27,-18.43,-11.59,-22.11,156,134,173,18,6
"weighted","15889","Chigoziem Okonkwo","WAS","TE",78.3676880222841,11.6941157067906,2.59272155163522,67.8683432185906,96.3500210214264,-24.9724233983287,-18.9678044447821,-19.3440625312055,160,139,143,22,7
"average","14138","T.J. Hockenson","MIN","TE",84.32,9.40515815922305,1.34,76.2,96.7,-20.38,-16.22,-18.68,162,146,162,19,6
"weighted","16723","AJ Barner","SEA","TE",75.7749664706489,8.65555702951996,1.29599711131743,64.769219694999,85.1355903590241,-27.5651449499639,-22.0669279683736,-30.5584931936078,163,151,172,23,7
"robust","15331","Pat Freiermuth","PIT","TE",83.575,12.30558,1.12500000000001,68.8,93.79,-19.825,-23.62,-21.59,164,174,170,19,7
"weighted","15802","Cade Otton","TB","TE",74.4789693593315,13.8063494239431,0.201114206128125,57.0792682775642,89.7728831124025,-28.8611420612813,-29.7568793858084,-25.9212004402294,165,167,164,24,7
"weighted","17543","Kenyon Sadiq","NYJ","TE",74.2778551532033,19.7245040106631,0.186956824512549,48.0382271889497,100.279685121023,-29.0622562674095,-38.797920474423,-15.4143984316088,167,180,135,25,7
"weighted","15797","Greg Dulcich","MIA","TE",74.0908983286908,8.21516549775961,0.910536211699153,63.9516361729175,81.3862892092374,-29.249213091922,-22.8845114904552,-34.3077943433945,168,153,182,26,7
"weighted","13192","David Njoku","LAC","TE",73.1803621169916,17.841289539591,4.86309192200557,55.5703686821935,102.226177325901,-30.1597493036212,-31.2657789811792,-13.4679062267305,171,169,133,27,7
"average","15331","Pat Freiermuth","PIT","TE",82.98,11.0539924914033,2.02,68.8,93.79,-21.72,-23.62,-21.59,172,174,170,20,6
"robust","14138","T.J. Hockenson","MIN","TE",82.45,1.92737999999997,1.5,76.2,96.7,-20.95,-16.22,-18.68,172,146,162,20,7
"robust","13772","Dalton Schultz","HOU","TE",80.95,10.52646,3.75,71.12,89.5,-22.45,-21.3,-25.88,176,164,191,21,8
"weighted","14871","Colby Parkinson","LAR","TE",68.3172701949861,18.6589175269019,0.764832869080792,48.5458943452625,93.4750237657163,-35.0228412256267,-38.2902533181101,-22.2190597869156,177,179,154,28,7
"average","13772","Dalton Schultz","HOU","TE",80.96,8.75402764446172,1.74000000000001,71.12,89.5,-23.74,-21.3,-25.88,179,164,191,21,6
"weighted","13672","Mike Gesicki","CIN","TE",67.5524373259053,11.0898907091262,0.920473537604437,58.4693718031274,85.0175220546155,-35.7876740947075,-28.3667758602452,-30.6765614980164,179,164,173,29,8
"weighted","17105","Gunnar Helm","TEN","TE",66.6319637883009,9.82808422834395,5.70501392757662,56.5285900231172,82.5301356112394,-36.708147632312,-30.3075576402555,-33.1639479413925,181,168,179,30,8
"average","15889","Chigoziem Okonkwo","WAS","TE",79.22,12.0576531713265,3.65037037037037,68.14,94.82,-25.48,-24.28,-20.56,184,175,165,22,7
"robust","15889","Chigoziem Okonkwo","WAS","TE",77.2,10.82298,1.66296296296296,68.14,94.82,-26.2,-24.28,-20.56,191,175,165,22,8
"weighted","17099","Oronde Gadsden II","LAC","TE",60.9269498607242,15.6438990952483,0.330153203342618,47.4334605487792,79.55631270489,-42.4131615598886,-39.4026871145935,-36.1377708477418,191,182,184,31,8
"weighted","17107","Terrance Ferguson","LAR","TE",60.5967966573816,13.7053060565779,0.0542756489782619,48.6775836633796,78.3342851763801,-42.7433147632312,-38.158563999993,-37.3597983762518,192,178,188,32,8
"average","16723","AJ Barner","SEA","TE",75.5696296296296,8.8601175572095,0.28962962962963,65.22,84.7548148148148,-29.1303703703704,-27.2,-30.6251851851852,193,187,205,23,7
"weighted","12263","Darren Waller","CAR","TE",60.5425210084034,16.8395733447781,0.850250813417283,36.5091156754188,71.3202167840057,-42.7975904122095,-50.3270319879539,-44.3738667686262,193,208,195,33,8
"average","15802","Cade Otton","TB","TE",75.28,13.7866602192119,0.379999999999995,59.14,89.62,-29.42,-33.28,-25.76,194,195,188,24,7
"average","17543","Kenyon Sadiq","NYJ","TE",74.9,20.3670076348982,0.455000000000013,50.82,98.26,-29.8,-41.6,-17.12,195,216,156,25,7
"robust","16723","AJ Barner","SEA","TE",75.537037037037,12.1188822222222,0.937037037037044,65.22,84.7548148148148,-27.862962962963,-27.2,-30.6251851851852,195,187,205,23,8
"weighted","13189","Evan Engram","DEN","TE",59.6922701949861,7.25507198439021,8.19227019498607,50.935411487503,66.8646794140372,-43.6478412256267,-35.9007361758696,-48.8294041385947,196,175,204,34,9
"average","15797","Greg Dulcich","MIA","TE",74.445,8.11485597530849,0.0249999999999915,64.495,81.262,-30.255,-27.925,-34.118,197,190,211,26,7
"robust","17543","Kenyon Sadiq","NYJ","TE",74.6,13.49166,0.477499999999992,50.82,98.26,-28.8,-41.6,-17.12,197,216,156,24,8
"average","13192","David Njoku","LAC","TE",74.42,18.6044887056861,6.42,57.06,98.72,-30.28,-35.36,-16.66,198,203,153,27,8
"robust","15797","Greg Dulcich","MIA","TE",74.1225,3.92147699999999,0.872500000000002,64.495,81.262,-29.2775,-27.925,-34.118,198,190,211,25,8
"robust","15802","Cade Otton","TB","TE",73.25,22.53552,0.949999999999989,59.14,89.62,-30.15,-33.28,-25.76,200,195,188,26,8
"robust","13192","David Njoku","LAC","TE",72.3,9.78516000000001,3.20000000000002,57.06,98.72,-31.1,-35.36,-16.66,201,203,153,27,9
"weighted","11247","Zach Ertz","WAS","TE",51.5,NA,2.17785515320334,NA,NA,-51.8401114206128,NA,NA,205,NA,NA,35,9
"robust","14871","Colby Parkinson","LAR","TE",69.1,24.4629,3.34999999999999,49,90.92,-34.3,-43.42,-24.46,207,219,184,28,9
"average","14871","Colby Parkinson","LAR","TE",68,18.7575318205781,0.449999999999989,49,90.92,-36.7,-43.42,-24.46,208,219,184,28,8
"weighted","14143","Dawson Knox","BUF","TE",49.3221448467967,3.52180691026514,1.38481894150419,44.5507741133603,53.5110797688378,-54.0179665738162,-42.2853735500123,-62.1830037837941,208,190,231,36,10
"average","13672","Mike Gesicki","CIN","TE",67.55,10.9848190699711,0.400000000000006,59.02,82.55,-37.15,-33.4,-32.83,209,196,208,29,8
"robust","17105","Gunnar Helm","TEN","TE",65.75,5.41149000000001,0.200000000000003,57.55,80.71,-37.65,-34.87,-34.67,210,201,212,29,9
"average","17105","Gunnar Helm","TEN","TE",67.15,10.3137650739194,5.24,57.55,80.71,-37.55,-34.87,-34.67,211,201,212,30,8
"weighted","16649","Theo Johnson","NYG","TE",47.9373259052925,12.2746928869154,1.3233983286908,39.1513338688435,66.1024387905763,-55.4027855153203,-47.6848137945292,-49.5916447620556,211,201,206,37,10
"robust","12263","Darren Waller","CAR","TE",65.55,5.48562,0.524999999999991,39.35,71.22,-37.85,-53.07,-44.16,212,244,226,30,9
"robust","13672","Mike Gesicki","CIN","TE",65.025,6.96821999999998,2.65000000000001,59.02,82.55,-38.375,-33.4,-32.83,213,196,208,31,10
"weighted","16212","Michael Mayer","LV","TE",46.6139275766017,8.52601351620991,1.28704735376045,38.0308494396784,59.2552919622492,-56.7261838440111,-48.8052982236942,-56.4387915903827,216,203,216,38,10
"robust","17099","Oronde Gadsden II","LAC","TE",62.375,14.90013,3.425,47.39,79.48,-41.025,-45.03,-35.9,221,225,215,32,10
"weighted","17106","Mason Taylor","NYJ","TE",45.3268802228412,11.793481888919,0.403412256267409,31.4697588807537,55.8203963864072,-58.0132311977716,-55.3663887826189,-59.8736871662247,221,222,224,39,10
"average","17099","Oronde Gadsden II","LAC","TE",61.91,15.8223496990807,1.76,47.39,79.48,-42.79,-45.03,-35.9,223,225,215,31,9
"average","12263","Darren Waller","CAR","TE",60.15,17.0773729439474,0.0700000000000003,39.35,71.22,-44.55,-53.07,-44.16,224,244,226,32,9
"weighted","14867","Cole Kmet","CHI","TE",44.9234679665738,8.63747168883714,4.65020891364903,34.4277904718826,55.1154836576489,-58.416643454039,-52.40835719149,-60.578599894983,224,214,226,40,10
"average","17107","Terrance Ferguson","LAR","TE",60.08,13.5024812534586,0.729999999999997,48.62,77.04,-44.62,-43.8,-38.34,225,220,218,33,9
"average","13189","Evan Engram","DEN","TE",59.35,7.39552229392894,7.85,51.24,66.89,-45.35,-41.18,-48.49,226,215,234,34,10
"robust","17107","Terrance Ferguson","LAR","TE",58.95,9.34038,0.174999999999997,48.62,77.04,-44.45,-43.8,-38.34,226,220,218,33,10
"robust","13189","Evan Engram","DEN","TE",58.775,11.71254,7.27500000000001,51.24,66.89,-44.625,-41.18,-48.49,229,215,234,34,11
"average","11247","Zach Ertz","WAS","TE",51.5,NA,2.04,51.5,51.5,-53.2,-40.92,-63.88,235,214,269,35,10
"weighted","16216","Darnell Washington","PIT","TE",40.2732590529248,7.16309093339914,1.18930843564083,29.4380106951546,46.7335391828569,-63.066852367688,-57.3981369682181,-68.960544369775,236,227,252,41,11
"average","14143","Dawson Knox","BUF","TE",49.46,3.43845895714927,1.48,45.22,53.16,-55.24,-47.2,-62.22,239,231,263,36,10
"weighted","16036","Jake Tonges","SF","TE",39.083950617284,37.922371704361,1.35559240832874,4.30190085066578,81.769699897732,-64.2561608033289,-82.5342468127069,-33.9243836548999,239,327,181,42,11
"robust","11247","Zach Ertz","WAS","TE",51.5,NA,2.09999999999999,51.5,51.5,-51.9,-40.92,-63.88,240,214,269,35,12
"weighted","17593","Marlin Klein","HOU","TE",37.7283582089552,5.65685424949237,0.872230075250485,33.5425263637696,41.3184422932787,-65.6117532116576,-53.2936212996031,-74.3756412593532,243,217,268,43,11
"robust","14143","Dawson Knox","BUF","TE",49.4,2.37215999999999,2.65000000000001,45.22,53.16,-54,-47.2,-62.22,244,231,263,36,12
"weighted","12678","Tyler Higbee","LAR","TE",36.8561281337047,15.5932409434626,0.0914939873632719,15.9839689819099,54.6575321044522,-66.4839832869081,-70.8521786814628,-61.0365514481797,244,272,230,44,11
"average","16649","Theo Johnson","NYG","TE",47.98,12.2941856175999,1.59999999999999,39.24,64.42,-56.72,-53.18,-50.96,245,245,238,37,10
"weighted","15873","Daniel Bellinger","TEN","TE",36.7646341463415,4.31823306895003,0.768184749575653,33.3655552882132,41.1962560612714,-66.5754772742713,-53.4705923751595,-74.4978274913605,246,218,269,45,11
"average","16212","Michael Mayer","LV","TE",46.38,8.42062943015544,0.780000000000001,38.64,57.54,-58.32,-53.78,-57.84,249,247,251,38,10
"weighted","17544","Eli Stowers","PHI","TE",35.9964493967658,31.2616669733952,0.453900650247704,1.67276503258047,76.68490110877,-67.343662023847,-85.1633826307922,-39.0091824438619,249,344,191,46,11
"weighted","15795","Charlie Kolar","LAC","TE",35.5425487465181,11.1685861470296,0.136826622277454,21.0411022059736,48.3950081373239,-67.7975626740947,-65.7950454573991,-67.299075415308,251,252,248,47,11
"weighted","13193","Jonnu Smith","GB","TE",35.4057221242407,15.2199805789099,0.297226302513636,22.8224184828497,53.2036025903478,-67.9343892963722,-64.013729180523,-62.4904809622841,252,247,234,48,11
"weighted","15332","Tommy Tremble","CAR","TE",35.108495821727,9.06052128759558,0.199164345403894,26.1652774577477,49.2000558246617,-68.2316155988858,-60.6708702056249,-66.4940277279702,253,236,246,49,11
"average","17106","Mason Taylor","NYJ","TE",45.6,11.7264657932388,0.57,31.82,55.5,-59.1,-60.6,-59.88,254,266,255,39,10
"robust","16649","Theo Johnson","NYG","TE",46.75,1.63086,1.7,39.24,64.42,-56.65,-53.18,-50.96,254,245,238,37,12
"weighted","14209","Josh Oliver","MIN","TE",34.9093314763231,10.6324603846203,0.463299730291368,21.6606492600057,48.6752484189229,-68.4307799442897,-65.175498403367,-67.018835133709,254,249,247,50,11
"weighted","17607","Eli Raridon","NE","TE",34.4460317460318,12.2039202479783,0.225976035725346,24.7463770773412,50.6141651686892,-68.8940796745811,-62.0897705860314,-65.0799183839427,256,238,241,51,11
"robust","16212","Michael Mayer","LV","TE",45.05,5.33736,0.300000000000004,38.64,57.54,-58.35,-53.78,-57.84,257,247,251,38,12
"average","14867","Cole Kmet","CHI","TE",45.03,8.38634306476905,4.15499999999999,35.33,54.48,-59.67,-57.09,-60.9,258,255,258,40,11
"robust","14867","Cole Kmet","CHI","TE",44.75,8.8956,0.649999999999999,35.33,54.48,-58.65,-57.09,-60.9,259,255,258,39,12
"weighted","14137","Noah Fant","NO","TE",34.2200557103064,12.7629168017721,0.486030640668531,19.5258272423987,51.446674254814,-69.1200557103064,-67.310320420974,-64.2474092978179,259,257,238,52,11
"weighted","15337","Noah Gray","KC","TE",33.7340250696379,9.05657938393457,0.380854337930565,20.217574617389,41.7647143163763,-69.6060863509749,-66.6185730459837,-73.9293692362556,261,255,265,53,11
"robust","17106","Mason Taylor","NYJ","TE",44.1,4.89258,3.225,31.82,55.5,-59.3,-60.6,-59.88,262,266,255,40,13
"weighted","15626","Brock Wright","DET","TE",33.3531707317073,7.33172764074499,1.77036585365853,28.2749714929814,41.052045401487,-69.9869406889055,-58.5611761703913,-74.6420381511449,263,230,270,54,11
"average","16036","Jake Tonges","SF","TE",40.875,37.4331737901023,0.475000000000001,5.5,79.785,-63.825,-86.92,-35.595,266,397,214,41,11
"weighted","17591","Nate Boerkircher","JAC","TE",31.5828048780488,13.3594915240547,2.04207317073171,19.6316087276275,45.8457983017495,-71.757306542564,-67.2045389357451,-69.8482852508824,267,256,256,55,12
"average","16216","Darnell Washington","PIT","TE",40.4,7.25732388694345,2.84,30.94,46.69,-64.3,-61.48,-68.69,268,269,284,42,11
"robust","16036","Jake Tonges","SF","TE",40.875,42.47649,0.375,5.5,79.785,-62.525,-86.92,-35.595,269,397,214,41,13
"robust","16216","Darnell Washington","PIT","TE",40.5,8.22843000000001,2.4,30.94,46.69,-62.9,-61.48,-68.69,270,269,284,42,13
"weighted","16219","Davis Allen","LAR","TE",29.5407317073171,4.89320856869964,0.0390603981248674,24.3197606004077,33.8483544779171,-73.7993797132957,-62.516387062965,-81.8457290747148,273,240,292,56,12
"robust","12678","Tyler Higbee","LAR","TE",38.1,12.89862,0.699999999999996,18.52,53.6,-65.3,-73.9,-61.78,274,319,261,43,13
"weighted","17108","Elijah Arroyo","SEA","TE",29.5016713091922,15.6885425456849,0.920282301345154,14.1220693750824,52.9785199433052,-73.8384401114206,-72.7140782882903,-62.7155636093267,274,281,236,57,12
"average","12678","Tyler Higbee","LAR","TE",37.56,15.2801505228188,0.0592248280792802,18.52,53.6,-67.14,-73.9,-61.78,275,319,261,43,11
"average","17544","Eli Stowers","PHI","TE",37.5007751719207,32.4590842034723,0.100775171920716,5.14046510315243,72.94,-67.1992248280793,-87.2795348968476,-42.44,276,399,223,44,11
"average","17593","Marlin Klein","HOU","TE",37.4,5.65685424949238,0.733333333333341,33.8,41,-67.3,-58.62,-74.38,278,258,301,45,11
"robust","17593","Marlin Klein","HOU","TE",37.4,5.93039999999999,1.075,33.8,41,-66,-58.62,-74.38,278,258,301,44,14
"weighted","16643","Ja'Tavion Sanders","CAR","TE",28.581389007847,11.3278757232015,0.281389007847046,18.4805885586002,44.5663861591652,-74.7587224127658,-68.3555591047724,-71.1276973934667,278,262,258,58,12
"average","15873","Daniel Bellinger","TEN","TE",36.6666666666667,4.2193996413392,0.355555555555547,33.5,40.79,-68.0333333333333,-58.92,-74.59,279,261,302,46,11
"weighted","17648","Riley Nowakowski","PIT","TE",28.3,NA,0.0920634920634953,NA,NA,-75.0401114206128,NA,NA,279,NA,NA,59,12
"average","13193","Jonnu Smith","GB","TE",36.3111111111111,15.4449480333566,0.361111111111114,22.895,52.5116666666667,-68.3888888888889,-69.525,-62.8683333333333,280,296,266,47,11
"weighted","16645","Erick All","CIN","TE",28.2079365079365,14.7198853111608,0.386557677852945,13.4121162736134,40.4694338256228,-75.1321749126763,-73.4240313897593,-75.2246497270091,280,287,271,60,12
"weighted","12677","Austin Hooper","ATL","TE",27.8213788300836,13.3765420044096,0.122110537400637,8.65988668562173,37.7631765547016,-75.5187325905293,-78.1762609777509,-77.9309069979303,281,306,281,61,12
"average","15795","Charlie Kolar","LAC","TE",35.95,10.8934039675393,0.670000000000002,22.45,47.4,-68.75,-69.97,-67.98,282,297,280,48,11
"robust","15873","Daniel Bellinger","TEN","TE",36.325,2.9652,0.0138888888888857,33.5,40.79,-67.075,-58.92,-74.59,282,261,302,45,14
"weighted","17627","Matthew Hibner","BAL","TE",27.6992682926829,14.1051685594259,0.208202833072896,12.5481717950557,36.2078403264781,-75.6408431279299,-74.287975868317,-79.4862432261538,282,295,283,62,12
"average","14209","Josh Oliver","MIN","TE",35.28,10.3883107385176,0.119999999999997,23.04,47.16,-69.42,-69.38,-68.22,283,294,281,49,11
"robust","13193","Jonnu Smith","GB","TE",36.3111111111111,16.2674166666667,0.210335939190401,22.895,52.5116666666667,-67.0888888888889,-69.525,-62.8683333333333,283,296,266,46,14
"weighted","14870","Adam Trautman","DEN","TE",27.49106545961,5.09775126973215,1.34667521570759,21.4262057830796,34.0771102897126,-75.8490459610028,-65.4099418802931,-81.6169732629192,283,250,291,63,12
"average","15332","Tommy Tremble","CAR","TE",35.16,9.0767835712878,0.535000000000004,27.18,46.94,-69.54,-65.24,-68.44,284,280,283,50,11
"robust","17544","Eli Stowers","PHI","TE",36.1007751719207,27.27984,0.175775171920712,5.14046510315243,72.94,-67.2992248280793,-87.2795348968476,-42.44,284,399,223,47,14
"robust","15795","Charlie Kolar","LAC","TE",35.925,12.00906,0.634999999999998,22.45,47.4,-67.475,-69.97,-67.98,286,297,280,48,14
"average","17607","Eli Raridon","NE","TE",34.625,11.9511157080277,0.00499999999999545,25.08,48.895,-70.075,-67.34,-66.485,287,284,276,51,11
"weighted","17213","Jackson Hawes","BUF","TE",26.1443902439024,2.86888263199038,0.703658536585365,23.4772045689092,29.0849380246947,-77.1957211767104,-63.3589430944635,-86.6091455279372,287,242,307,64,12
"robust","15337","Noah Gray","KC","TE",35.29,8.91042599999999,0.0400000000000063,21.95,41.764,-68.11,-70.47,-73.616,288,301,298,49,14
"average","14137","Noah Fant","NO","TE",34.62,12.549780874581,0.610000000000007,20.78,49.82,-70.08,-71.64,-65.56,289,309,274,52,11
"robust","14209","Josh Oliver","MIN","TE",35.25,9.04386000000001,1.25,23.04,47.16,-68.15,-69.38,-68.22,289,294,281,50,14
"weighted","17109","Mitchell Evans","CAR","TE",25.4407317073171,6.48777483347057,0.140731707317073,19.010016561223,31.4997949930161,-77.8993797132957,-67.8261311021497,-84.1942885596158,291,258,299,65,12
"robust","14137","Noah Fant","NO","TE",34,9.04386,0.700000000000003,20.78,49.82,-69.4,-71.64,-65.56,292,309,274,51,14
"weighted","15330","Brevin Jordan","HOU","TE",25.3,NA,0.845276292335114,NA,NA,-78.0401114206128,NA,NA,292,NA,NA,66,12
"average","15337","Noah Gray","KC","TE",34.01,9.13477148044766,0.943333333333328,21.95,41.764,-70.69,-70.47,-73.616,293,301,298,53,12
"average","15626","Brock Wright","DET","TE",33.0666666666667,7.25074708794434,0.81666666666667,28.34,40.22,-71.6333333333333,-64.08,-75.16,295,276,305,54,12
"robust","15332","Tommy Tremble","CAR","TE",33.3,0.444779999999996,0.324999999999996,27.18,46.94,-70.1,-65.24,-68.44,295,280,283,52,14
"robust","17607","Eli Raridon","NE","TE",32.975,7.48713,0.774999999999999,25.08,48.895,-70.425,-67.34,-66.485,296,284,276,53,14
"average","17591","Nate Boerkircher","JAC","TE",32.25,13.6180945803736,2.13,20.47,44.905,-72.45,-71.95,-70.475,297,311,288,55,12
"robust","15626","Brock Wright","DET","TE",32.2,2.07564,0.100000000000001,28.34,40.22,-71.2,-64.08,-75.16,299,276,305,54,14
"weighted","16215","Luke Musgrave","GB","TE",24.4547237076649,5.79837184342886,0.454723707664886,16.4529190943352,28.3573062900137,-78.8853877129479,-70.3832285690375,-87.3367772626182,299,269,311,67,12
"robust","17108","Elijah Arroyo","SEA","TE",32.1,22.9803,0.162500000000001,14.36,50.5,-71.3,-78.06,-64.88,300,350,272,55,14
"robust","17591","Nate Boerkircher","JAC","TE",31.9375,17.34642,1.9875,20.47,44.905,-71.4625,-71.95,-70.475,301,311,288,56,15
"weighted","13763","Will Dissly","LAC","TE",24,NA,0.0919512195121968,NA,NA,-79.3401114206128,NA,NA,301,NA,NA,68,12
"weighted","16644","Ben Sinnott","WAS","TE",23.9080487804878,1.58818201384641,0.361707317073169,22.260438194845,25.2622009535016,-79.432062640125,-64.5757094685276,-90.4318825991303,302,248,320,69,12
"weighted","15796","Jeremy Ruckert","NYJ","TE",23.5463414634146,5.92801899216112,0.0804199895475364,18.6093520470744,29.5623088135683,-79.7937699571982,-68.2267956162983,-86.1317747390636,303,260,304,70,12
"weighted","17547","Max Klare","LAR","TE",23.4659214738671,21.1049619628558,0.339642814255104,3.50809589850915,53.1025382060402,-79.8741899467457,-83.3280517648635,-62.5915453465917,304,331,235,71,12
"average","17108","Elijah Arroyo","SEA","TE",30.12,16.3727517540577,0.853333333333332,14.36,50.5,-74.58,-78.06,-64.88,305,350,272,56,12
"robust","17627","Matthew Hibner","BAL","TE",29.95,0.7413,0.199999999999992,14.29,36.25,-73.45,-78.13,-79.13,305,351,314,57,15
"robust","12677","Austin Hooper","ATL","TE",29.75,1.92738,0.375000000000004,10.76,37.62,-73.65,-81.66,-77.76,306,372,311,58,15
"weighted","16333","Elijah Higgins","ARI","TE",23.126278659612,2.74296944775316,0.026278659611993,20.8519900521018,27.0460179103739,-80.2138327610008,-65.9841576112709,-88.648065642258,306,253,315,72,12
"average","16219","Davis Allen","LAR","TE",29.2666666666667,4.96420520660995,0.105125954167821,24.66,33.57,-75.4333333333333,-67.76,-81.81,307,285,324,57,12
"weighted","14370","Tanner Hudson","CIN","TE",23.1,NA,1.2,NA,NA,-80.2401114206128,NA,NA,307,NA,NA,73,13
"average","16643","Ja'Tavion Sanders","CAR","TE",29.1615407124988,11.8350747353159,0.83154071249885,19.025,43.1319244274993,-75.5384592875012,-73.395,-72.2480755725007,308,315,293,58,12
"robust","16219","Davis Allen","LAR","TE",29.375,6.37518,1.075,24.66,33.57,-74.025,-67.76,-81.81,308,285,324,59,15
"average","12677","Austin Hooper","ATL","TE",28.33,13.0611350961545,0.0299999999999976,10.76,37.62,-76.37,-81.66,-77.76,311,372,311,59,12
"average","17648","Riley Nowakowski","PIT","TE",28.3,NA,0.300000000000004,28.3,28.3,-76.4,-64.12,-87.08,312,277,345,60,12
"robust","17648","Riley Nowakowski","PIT","TE",28.3,NA,0.497499999999999,28.3,28.3,-75.1,-64.12,-87.08,312,277,345,60,15
"weighted","14341","Donald Parham","PIT","TE",21.9,NA,0.032452830188678,NA,NA,-81.4401114206128,NA,NA,313,NA,NA,74,13
"average","17627","Matthew Hibner","BAL","TE",28,13.9452500873953,0.174999999999994,14.29,36.25,-76.7,-78.13,-79.13,314,351,314,61,12
"weighted","13246","Alie-Cox, Mo","IND","TE",21.8675471698113,1.62634559672906,0.93144960883571,20.8242951497744,22.9312244099549,-81.4725642508015,-66.0118525135982,-92.762859142677,314,254,328,75,13
"average","14870","Adam Trautman","DEN","TE",27.825,5.146310571662,0.375000000000004,21.965,33.741,-76.875,-70.455,-81.639,315,300,323,62,12
"robust","14870","Adam Trautman","DEN","TE",27.8025,5.478207,0.0178778625034681,21.965,33.741,-75.5975,-70.455,-81.639,315,300,323,61,15
"weighted","14239","Foster Moreau","HOU","TE",20.9360975609756,10.0226789048591,0.487243945455326,13.6336779712185,32.5177637333288,-82.4040138596372,-73.2024696921541,-83.1763198193031,315,285,294,76,13
"average","16645","Erick All","CIN","TE",27.45,14.6784422425088,1.15,13.61,40.45,-77.25,-78.81,-74.93,317,355,304,63,12
"robust","16643","Ja'Tavion Sanders","CAR","TE",27.7846221374965,8.11439052070157,0.334622137496531,19.025,43.1319244274993,-75.6153778625035,-73.395,-72.2480755725007,317,315,293,62,15
"robust","16645","Erick All","CIN","TE",27.45,17.86533,1.125,13.61,40.45,-75.95,-78.81,-74.93,318,355,304,63,15
"weighted","14146","Drew Sample","CIN","TE",20.4488536155203,4.0383371741746,0.720979051060358,15.6255632601883,23.990512513296,-82.8912578050925,-71.2105844031843,-91.7035710393359,318,273,325,77,13
"weighted","16940","Blake Whiteheart","CLE","TE",19.7278745644599,9.75807358037436,0.384947735191634,13.079668472853,26.5070729474608,-83.6122368561529,-73.7564791905197,-89.1870106051711,319,290,316,78,13
"robust","16215","Luke Musgrave","GB","TE",26.325,1.92738,0.0250000000000057,17.47,28.325,-77.075,-74.95,-87.055,320,325,344,64,15
"weighted","15804","Grant Calcaterra","PHI","TE",19.3429268292683,13.1244847510414,0.487874564459933,5.27911993233491,28.2727476384243,-83.9971845913445,-81.5570277310377,-87.4213359142076,320,324,313,79,13
"average","17213","Jackson Hawes","BUF","TE",26.3,2.9,0.464068100358421,23.69,28.91,-78.4,-68.73,-86.47,321,290,340,64,12
"robust","17213","Jackson Hawes","BUF","TE",26.3,4.29954,0.274999999999999,23.69,28.91,-77.1,-68.73,-86.47,321,290,340,65,15
"robust","17109","Mitchell Evans","CAR","TE",26.025,7.26474,0.373051075268815,19.6,31.21,-77.375,-72.82,-84.17,323,313,333,66,15
"average","15800","Connor Heyward","LV","TE",25.8359318996416,5.04432260155282,0.0692652329749066,21.59,30.5970161290323,-78.8640681003584,-70.83,-84.7829838709678,324,305,335,65,12
"average","17109","Mitchell Evans","CAR","TE",25.7666666666667,6.51178418970817,0.466666666666669,19.6,31.21,-78.9333333333333,-72.82,-84.17,325,313,333,66,12
"robust","15800","Connor Heyward","LV","TE",25.6519489247312,5.78214,0.351948924731182,21.59,30.5970161290323,-77.7480510752688,-70.83,-84.7829838709678,325,305,335,67,15
"weighted","16218","Payne Durham","TB","TE",18.8550522648084,6.08111831820431,0.087709922466015,14.7119673091693,23.079770097693,-84.4850591558044,-72.1241803542034,-92.6143134549389,325,278,327,80,13
"average","15330","Brevin Jordan","HOU","TE",25.3,NA,0.729016758467129,25.3,25.3,-79.4,-67.12,-90.08,326,283,356,67,13
"weighted","17605","Will Kacmarek","MIA","TE",18.7673423423423,5.15386709542056,0.0108789277082018,12.9705086365856,22.3431562573867,-84.5727690782705,-73.8656390267871,-93.3509272952452,326,291,330,81,13
"weighted","15344","John Bates","WAS","TE",18.7564634146341,6.51517048059297,0.866707317073168,12.4888676114468,24.8045032731768,-84.5836480059787,-74.3472800519259,-90.8895802794551,327,296,322,82,13
"robust","15330","Brevin Jordan","HOU","TE",25.3,NA,1.225,25.3,25.3,-78.1,-67.12,-90.08,328,283,356,68,15
"weighted","16221","Luke Schoonmaker","DAL","TE",17.889756097561,4.30828367923025,0.0502439024390249,13.5492949534165,21.8697554198359,-85.4503553230518,-73.2868527099562,-93.824328132796,329,286,332,83,13
"weighted","16474","Nate Adkins","DEN","TE",17.839512195122,3.58086517603231,0.307436723423841,13.8787766502045,20.8067863737717,-85.5005992254909,-72.9573710131681,-94.8872971788602,330,282,337,84,13
"average","17547","Max Klare","LAR","TE",24.5709832415329,22.0517687739226,0.0459832415328698,5.005,50.2675899449197,-80.1290167584671,-87.415,-65.1124100550803,331,400,273,68,13
"average","16215","Luke Musgrave","GB","TE",24.525,5.79389046036139,0.525000000000002,17.47,28.325,-80.175,-74.95,-87.055,332,325,344,69,13
"robust","16644","Ben Sinnott","WAS","TE",24.075,1.33434,0.0749999999999993,22.42,25.21,-79.325,-70,-90.17,333,298,357,69,15
"weighted","13675","Conklin, Tyler","DET","TE",17.5320754716981,0.353553390593274,0.0320754716981106,17.3052815542988,17.6918357471931,-85.8080359489147,-69.5308661090739,-98.0022478054388,333,264,348,85,13
"average","13763","Will Dissly","LAC","TE",24,NA,0.033333333333335,24,24,-80.7,-68.42,-91.38,334,289,360,70,13
"robust","13763","Will Dissly","LAC","TE",24,NA,0.899999999999999,24,24,-79.4,-68.42,-91.38,334,289,360,70,16
"weighted","15909","James Mitchell","DAL","TE",17.5,NA,0.116585365853656,NA,NA,-85.8401114206128,NA,NA,334,NA,NA,86,13
"average","16644","Ben Sinnott","WAS","TE",23.9666666666667,1.59478316185409,0.533333333333331,22.42,25.21,-80.7333333333333,-70,-90.17,335,298,357,71,13
"weighted","16647","Brevyn Spann-Ford","DAL","TE",17.3834146341463,1.00159094071243,0.0360265744448505,16.7078760097095,18.4367477486454,-85.9566967864665,-70.1282716536632,-97.2573358039865,335,268,345,87,13
"average","15796","Jeremy Ruckert","NYJ","TE",23.4333333333333,5.78475006662633,0.133333333333333,18.85,29.02,-81.2666666666667,-73.57,-86.36,336,316,338,72,13
"robust","14370","Tanner Hudson","CIN","TE",23.1,NA,0.0250000000000021,23.1,23.1,-80.3,-69.32,-92.28,336,292,364,71,16
"weighted","17660","Bauer Sharp","TB","TE",17.3473880597015,1.76776695296637,0.0182835820895555,16.2254867833504,18.655460511322,-85.9927233609113,-70.6106608800222,-97.0386230413099,336,271,344,88,13
"average","16333","Elijah Higgins","ARI","TE",23.3,2.85773803324704,0.199999999999999,20.95,26.7,-81.4,-71.47,-88.68,337,306,349,73,13
"robust","15796","Jeremy Ruckert","NYJ","TE",23.075,5.1891,0.150000000000002,18.85,29.02,-80.325,-73.57,-86.36,337,316,338,72,16
"weighted","17548","Justin Joly","MIA","TE",17.3291044776119,4.66690475583121,0.130846637890681,14.3672851080451,20.7824157498901,-86.0110069430009,-72.4688625553276,-94.9116678027418,337,280,338,89,13
"average","14370","Tanner Hudson","CIN","TE",23.1,NA,1.15,23.1,23.1,-81.6,-69.32,-92.28,338,292,364,74,13
"weighted","14984","Charlie Woerner","ATL","TE",17.1982578397213,13.2936074863071,0.957880481230692,7.96282815853163,26.2552342543742,-86.1418535808916,-78.873319504841,-89.4388492982577,338,312,319,90,13
"robust","16333","Elijah Higgins","ARI","TE",22.925,1.85325,0.974999999999994,20.95,26.7,-80.475,-71.47,-88.68,339,306,349,73,16
"weighted","15335","Farrell, Luke","SFO","TE",16.2403773584906,5.72756492761104,0.0345236999539793,12.0393484596801,19.8025708472848,-87.0997340621223,-74.7967992036925,-95.891512705347,339,297,340,91,13
"robust","13246","Alie-Cox, Mo","IND","TE",21.95,1.70499,0.0500000000000043,20.915,22.985,-81.45,-71.505,-92.395,340,307,365,74,16
"weighted","16312","Josh Whyle","GB","TE",16.2058536585366,1.30572335980226,0.285644599303136,15.1234475777175,17.5338700365655,-87.1342577620762,-71.7127000856552,-98.1602135160664,340,276,349,92,13
"robust","14341","Donald Parham","PIT","TE",21.9,NA,0.36205027540138,21.9,21.9,-81.5,-70.52,-93.48,341,302,369,75,16
"weighted","15916","Andrew Ogletree","IND","TE",15.9202090592334,4.03050865276332,0.0202090592334496,13.174210890961,18.7203127391686,-87.4199023613794,-73.6619367724116,-96.9737708134633,341,289,343,93,13
"robust","17547","Max Klare","LAR","TE",21.5379497245986,14.8882195077933,0.26294972459862,5.005,50.2675899449197,-81.8620502754014,-87.415,-65.1124100550803,342,400,273,76,16
"weighted","16113","Stone Smartt","NO","TE",15.9,NA,0.399999999999999,NA,NA,-87.4401114206128,NA,NA,342,NA,NA,94,13
"weighted","17651","Josh Cuevas","BAL","TE",15.5,NA,0.0170731707317078,NA,NA,-87.8401114206128,NA,NA,343,NA,NA,95,13
"weighted","17699","Dallen Bentley","DEN","TE",15.5,NA,0,NA,NA,-87.8401114206128,NA,NA,343,NA,NA,95,13
"average","13246","Alie-Cox, Mo","IND","TE",21.95,1.62634559672906,0.0500000000000043,20.915,22.985,-82.75,-71.505,-92.395,344,307,365,75,13
"robust","15804","Grant Calcaterra","PHI","TE",21.275,3.55824,0.674999999999997,6.83,28.16,-82.125,-85.59,-87.22,344,393,346,77,16
"weighted","13676","Durham Smythe","BAL","TE",15.4829268292683,0.469041194524141,0.282926829268291,15.2014941794222,15.9625592437644,-87.8571845913445,-71.6346534839504,-99.7315243088675,344,275,351,96,13
"average","14341","Donald Parham","PIT","TE",21.9,NA,0.399999999999999,21.9,21.9,-82.8,-70.52,-93.48,345,302,369,76,13
"robust","14239","Foster Moreau","HOU","TE",20.6,6.52344,0.275000000000002,13.94,31.58,-82.8,-78.48,-83.8,346,353,331,78,16
"weighted","13315","Saubert, Eric","SEA","TE",15.2,NA,0.100000000000003,NA,NA,-88.1401114206128,NA,NA,346,NA,NA,97,13
"weighted","17243","Thomas Fidone II","NYG","TE",15.2,NA,0,NA,NA,-88.1401114206128,NA,NA,346,NA,NA,97,13
"average","14239","Foster Moreau","HOU","TE",21.5,10.283968105746,1.175,13.94,31.58,-83.2,-78.48,-83.8,347,353,331,77,13
"weighted","15970","Lucas Krull","DEN","TE",15.1,NA,0.513051146384479,NA,NA,-88.2401114206128,NA,NA,347,NA,NA,98,13
"robust","14146","Drew Sample","CIN","TE",20.325,3.891825,0.524999999999999,15.9525,23.8925,-83.075,-76.4675,-91.4875,348,336,361,79,16
"robust","16940","Blake Whiteheart","CLE","TE",19.8,10.22994,0.574999999999999,13.59,26.01,-83.6,-78.83,-89.37,349,356,353,80,16
"weighted","16642","Cade Stover","HOU","TE",14.5869488536155,5.92426392635895,0.964997634103325,8.20046635308444,21.7564796779425,-88.7531625669973,-78.6356813102882,-93.9376038746894,349,308,333,99,13
"average","14146","Drew Sample","CIN","TE",20.325,3.96326885285366,0.524999999999999,15.9525,23.8925,-84.375,-76.4675,-91.4875,350,336,361,78,13
"robust","17605","Will Kacmarek","MIA","TE",19.225,2.2239,0.325000000000003,13.52,22.25,-84.175,-78.9,-93.13,350,357,368,81,16
"average","16940","Blake Whiteheart","CLE","TE",19.8,9.75807358037435,0.0999999999999979,13.59,26.01,-84.9,-78.83,-89.37,351,356,353,79,13
"robust","16218","Payne Durham","TB","TE",18.9,6.37518,0.149999999999999,15.03,22.77,-84.5,-77.39,-92.61,351,347,366,82,16
"average","15804","Grant Calcaterra","PHI","TE",19.7,13.0456889430953,0.800000000000004,6.83,28.16,-85,-85.59,-87.22,352,393,346,80,13
"robust","15344","John Bates","WAS","TE",18.75,9.11799,0.5,12.955,24.385,-84.65,-79.465,-90.995,352,361,359,83,16
"weighted","17655","Seydou Traore","MIA","TE",13.6219512195122,9.60740734321009,0.221951219512196,4.48249917300677,23.3272842813438,-89.7181602011006,-82.3536484903659,-92.3667992712881,352,326,326,100,13
"robust","16221","Luke Schoonmaker","DAL","TE",18.25,4.74432,0.450000000000003,13.94,21.68,-85.15,-78.48,-93.7,354,353,371,84,16
"weighted","15929","Ko Kieft","TB","TE",13.4,NA,0.104878048780488,NA,NA,-89.9401114206128,NA,NA,354,NA,NA,101,13
"robust","16474","Nate Adkins","DEN","TE",17.8,3.85476,0.199999999999996,14.16,20.64,-85.6,-78.26,-94.74,355,352,375,85,16
"weighted","17549","Sam Roush","CHI","TE",13.2951219512195,9.57731230499756,0.247804878048781,3.27559650645666,21.1950339420359,-90.0449894693933,-83.560551156916,-94.499049610596,355,332,335,102,13
"weighted","17567","Oscar Delp","NO","TE",13.0473170731707,11.2302113208777,0.0852961672473871,1.24774351862579,22.1253679417042,-90.2927943474421,-85.5884041447469,-93.5687156109277,357,345,331,103,13
"robust","17548","Justin Joly","MIA","TE",17.6,4.89258,0.0500000000000007,14.63,20.57,-85.8,-77.79,-94.81,358,349,376,86,16
"weighted","13678","Ian Thomas","LV","TE",12.9620209059233,1.62634559672906,0.358850174216027,11.8321545087565,14.0700552545245,-90.3780905146895,-75.0039931546161,-101.624028298107,358,298,360,104,14
"average","16218","Payne Durham","TB","TE",18.9,6.08111831820431,0.18333333333333,15.03,22.77,-85.8,-77.39,-92.61,359,347,366,81,13
"robust","13675","Conklin, Tyler","DET","TE",17.55,0.37065,0.0500000000000007,17.325,17.775,-85.85,-75.095,-97.605,359,326,384,87,16
"average","15344","John Bates","WAS","TE",18.7166666666667,6.35104978199143,0.0500000000000007,12.955,24.385,-85.9833333333333,-79.465,-90.995,360,361,359,82,13
"robust","15909","James Mitchell","DAL","TE",17.5,NA,0.0499999999999972,17.5,17.5,-85.9,-74.92,-97.88,360,324,385,88,16
"weighted","17545","Jack Endries","CIN","TE",12.6031707317073,9.76874232711996,1.21048780487805,2.13221333368122,19.2084701712611,-90.7369406889055,-84.7039343296914,-96.4856133813708,360,340,341,105,14
"average","17605","Will Kacmarek","MIA","TE",18.6666666666667,5.22143019998672,0.600000000000001,13.52,22.25,-86.0333333333333,-78.9,-93.13,361,357,368,83,13
"robust","17660","Bauer Sharp","TB","TE",17.45,1.85325,0.200000000000003,16.325,18.575,-85.95,-76.095,-96.805,361,332,380,89,16
"average","16221","Luke Schoonmaker","DAL","TE",18.0666666666667,4.34664621672081,0.433333333333334,13.94,21.68,-86.6333333333333,-78.48,-93.7,362,353,371,84,13
"robust","16647","Brevyn Spann-Ford","DAL","TE",17.25,0.296519999999994,0.149999999999999,16.72,18.34,-86.15,-75.7,-97.04,362,329,383,90,16
"weighted","17644","Tanner Koziol","JAC","TE",11.3926829268293,8.05694261552218,0.0592334494773521,2.75466891975955,16.7240299003095,-91.9474284937835,-84.0814787436131,-98.9700536523224,362,334,350,106,14
"average","16474","Nate Adkins","DEN","TE",17.6333333333333,3.64600237703342,0.0333333333333314,14.16,20.64,-87.0666666666667,-78.26,-94.74,363,352,375,85,13
"robust","14984","Charlie Woerner","ATL","TE",17.1,13.93644,0.975000000000001,8.64,25.56,-86.3,-83.78,-89.82,363,384,355,91,17
"weighted","15334","Hunter Long","ARI","TE",11.3334494773519,4.5254833995939,0.0334494773519172,8.18947341567034,14.4166754908508,-92.0066619432609,-78.6466742477023,-101.277408061781,363,309,357,107,14
"average","17548","Justin Joly","MIA","TE",17.6,4.66690475583121,0.0500000000000007,14.63,20.57,-87.1,-77.79,-94.81,364,349,376,86,13
"weighted","16425","Julian Hill","NE","TE",11.3,NA,0.236981132075472,NA,NA,-92.0401114206128,NA,NA,364,NA,NA,108,14
"average","13675","Conklin, Tyler","DET","TE",17.55,0.353553390593274,0.0500000000000007,17.325,17.775,-87.15,-75.095,-97.605,365,326,384,87,13
"weighted","15419","Granson, Kylen","TEN","TE",11.0630188679245,6.64680374315355,0.133750575241601,6.79929322081728,15.8482332543917,-92.2770925526883,-80.0368544425554,-99.8458502982402,365,316,352,109,14
"average","15909","James Mitchell","DAL","TE",17.5,NA,0.0499999999999972,17.5,17.5,-87.2,-74.92,-97.88,366,324,385,88,13
"average","17660","Bauer Sharp","TB","TE",17.45,1.76776695296637,0.0833333333333357,16.325,18.575,-87.25,-76.095,-96.805,367,332,380,89,13
"weighted","12955","Chris Manhertz","NYG","TE",10.9292682926829,3.95979797464466,0.329268292682926,8.17828923871155,13.6270910544944,-92.4108431279299,-78.6578584246611,-102.066992498137,367,310,361,110,14
"average","16647","Brevyn Spann-Ford","DAL","TE",17.3666666666667,0.986576572463249,0.266666666666666,16.72,18.34,-87.3333333333333,-75.7,-97.04,368,329,383,90,13
"weighted","13940","Mundt, Johnny","PHI","TE",10.6,NA,1,NA,NA,-92.7401114206128,NA,NA,368,NA,NA,111,14
"average","14984","Charlie Woerner","ATL","TE",17.1,13.2936074863071,0.900000000000002,8.64,25.56,-87.6,-83.78,-89.82,369,384,355,91,13
"robust","16312","Josh Whyle","GB","TE",16.125,1.18608,0.174999999999999,15.18,17.43,-87.275,-77.24,-97.95,369,345,386,92,17
"robust","15335","Farrell, Luke","SFO","TE",15.95,6.00453,0.0500000000000007,12.305,19.595,-87.45,-80.115,-95.785,370,364,378,93,17
"robust","15916","Andrew Ogletree","IND","TE",15.95,4.22541,0,13.385,18.515,-87.45,-79.035,-96.865,370,360,381,93,17
"average","16312","Josh Whyle","GB","TE",16.2,1.27671453348037,0.249999999999998,15.18,17.43,-88.5,-77.24,-97.95,371,345,386,92,13
"robust","16113","Stone Smartt","NO","TE",15.9,NA,0.4,15.9,15.9,-87.5,-76.52,-99.48,371,338,391,94,17
"average","15335","Farrell, Luke","SFO","TE",15.95,5.72756492761104,0.0500000000000007,12.305,19.595,-88.75,-80.115,-95.785,372,364,378,93,13
"average","15916","Andrew Ogletree","IND","TE",15.95,4.03050865276332,0,13.385,18.515,-88.75,-79.035,-96.865,372,360,381,93,13
"robust","17651","Josh Cuevas","BAL","TE",15.5,NA,0.0999999999999979,15.5,15.5,-87.9,-76.92,-99.88,372,341,393,95,17
"robust","17699","Dallen Bentley","DEN","TE",15.5,NA,0,15.5,15.5,-87.9,-76.92,-99.88,372,341,393,95,17
"weighted","15925","FitzPatrick, John","GBP","TE",9.6,NA,1.0988679245283,NA,NA,-93.7401114206128,NA,NA,372,NA,NA,112,14
"average","16113","Stone Smartt","NO","TE",15.9,NA,0.4,15.9,15.9,-88.8,-76.52,-99.48,373,338,391,94,14
"robust","13676","Durham Smythe","BAL","TE",15.4,0,0.199999999999999,15.2,15.92,-88,-77.22,-99.46,373,344,390,96,17
"average","17651","Josh Cuevas","BAL","TE",15.5,NA,0.0333333333333332,15.5,15.5,-89.2,-76.92,-99.88,374,341,393,95,14
"average","17699","Dallen Bentley","DEN","TE",15.5,NA,0,15.5,15.5,-89.2,-76.92,-99.88,374,341,393,95,14
"robust","13315","Saubert, Eric","SEA","TE",15.2,NA,1.77635683940025e-15,15.2,15.2,-88.2,-77.22,-100.18,374,344,394,97,17
"robust","17243","Thomas Fidone II","NYG","TE",15.2,NA,0.100000000000001,15.2,15.2,-88.2,-77.22,-100.18,374,344,394,98,17
"average","13676","Durham Smythe","BAL","TE",15.4666666666667,0.4618802153517,0.266666666666664,15.2,15.92,-89.2333333333333,-77.22,-99.46,375,344,390,96,14
"robust","15970","Lucas Krull","DEN","TE",15.1,NA,0.0999999999999996,15.1,15.1,-88.3,-77.32,-100.28,375,346,395,99,17
"robust","16642","Cade Stover","HOU","TE",15,6.59757,0.625,8.75,21.32,-88.4,-83.67,-94.06,376,383,372,100,17
"average","13315","Saubert, Eric","SEA","TE",15.2,NA,1.77635683940025e-15,15.2,15.2,-89.5,-77.22,-100.18,377,344,394,97,14
"average","17243","Thomas Fidone II","NYG","TE",15.2,NA,0.100000000000001,15.2,15.2,-89.5,-77.22,-100.18,377,344,394,98,14
"average","15970","Lucas Krull","DEN","TE",15.1,NA,0.0999999999999996,15.1,15.1,-89.6,-77.32,-100.28,378,346,395,99,14
"weighted","15840","Woods, Jelani","NYJ","TE",8.5011320754717,12.7986327394765,0.173257511011769,0.291192265616251,17.7868165494143,-94.8389793451411,-86.5449553977564,-97.9072670032176,378,352,347,113,14
"average","16642","Cade Stover","HOU","TE",15,5.97271574188269,0.933333333333334,8.75,21.32,-89.7,-83.67,-94.06,379,383,372,100,14
"robust","17549","Sam Roush","CHI","TE",14.375,7.11648,0.0124999999999993,4.27,20.92,-89.025,-88.15,-94.46,380,409,374,101,17
"weighted","16220","Will Mallory","IND","TE",8.32787456445993,10.5358910396796,0.449477351916375,1.00830529585752,15.506010127137,-95.0122368561529,-85.8278423675151,-100.188073425495,380,347,353,114,14
"robust","17567","Oscar Delp","NO","TE",14.3625,7.70952,0.237500000000001,2.435,21.83,-89.0375,-89.985,-93.55,381,426,370,102,17
"robust","17655","Seydou Traore","MIA","TE",14.125,13.93644,0.0749999999999993,5.21,22.76,-89.275,-87.21,-92.62,382,398,367,103,17
"weighted","16648","Jared Wiley","KC","TE",7.87839721254356,10.6066017177982,2.97839721254356,0.509703317977368,15.1047081816815,-95.4617142080693,-86.3264443453953,-100.58937537095,382,349,354,115,14
"average","17655","Seydou Traore","MIA","TE",14.0666666666667,9.75209379227524,0.433333333333334,5.21,22.76,-90.6333333333333,-87.21,-92.62,383,398,367,101,14
"robust","17545","Jack Endries","CIN","TE",14.05,2.52042,0.65,3.29,19.13,-89.35,-89.13,-96.25,383,418,379,104,17
"average","17549","Sam Roush","CHI","TE",13.6333333333333,9.6001736095413,0.199999999999999,4.27,20.92,-91.0666666666667,-88.15,-94.46,384,409,374,102,14
"robust","15929","Ko Kieft","TB","TE",13.4,NA,0.450000000000001,13.4,13.4,-90,-79.02,-101.98,384,359,404,105,17
"robust","13678","Ian Thomas","LV","TE",12.95,1.70499,0.449999999999999,11.915,13.985,-90.45,-80.505,-101.395,385,366,401,106,17
"average","17567","Oscar Delp","NO","TE",13.4333333333333,11.2454805736942,0.0333333333333332,2.435,21.83,-91.2666666666667,-89.985,-93.55,386,426,370,103,14
"average","15929","Ko Kieft","TB","TE",13.4,NA,0.450000000000001,13.4,13.4,-91.3,-79.02,-101.98,387,359,404,104,14
"weighted","16831","Martin-Robinson, David","TEN","TE",4.9,NA,1.1,NA,NA,-98.4401114206128,NA,NA,387,NA,NA,116,15
"robust","17644","Tanner Koziol","JAC","TE",12.5,2.07564,1.1,3.7,16.66,-90.9,-88.72,-98.72,388,414,388,107,17
"average","13678","Ian Thomas","LV","TE",12.95,1.62634559672906,0.0833333333333321,11.915,13.985,-91.75,-80.505,-101.395,389,366,401,105,14
"average","17545","Jack Endries","CIN","TE",12.8666666666667,9.7079005626002,1.33333333333333,3.29,19.13,-91.8333333333333,-89.13,-96.25,390,418,379,106,14
"average","17644","Tanner Koziol","JAC","TE",11.5333333333333,7.94061290665483,0.133333333333333,3.7,16.66,-93.1666666666667,-88.72,-98.72,393,414,388,107,14
"robust","15419","Granson, Kylen","TEN","TE",11.4,6.96822,0.0999999999999996,7.17,15.63,-92,-85.25,-99.75,393,389,392,108,17
"weighted","16706","Reiman, Tip","ARI","TE",3.8,NA,1.2,NA,NA,-99.5401114206128,NA,NA,393,NA,NA,117,15
"average","15419","Granson, Kylen","TEN","TE",11.4,6.64680374315355,0.0999999999999996,7.17,15.63,-93.3,-85.25,-99.75,394,389,392,108,14
"weighted","17696","Ryan, Carsen","CLE","TE",2.6,NA,0.2,NA,NA,-100.740111420613,NA,NA,394,NA,NA,118,15
"average","15334","Hunter Long","ARI","TE",11.3,4.5254833995939,0.4,8.42,14.18,-93.4,-84,-101.2,395,385,399,109,14
"average","16425","Julian Hill","NE","TE",11.3,NA,0,11.3,11.3,-93.4,-81.12,-104.08,395,370,409,109,14
"robust","15334","Hunter Long","ARI","TE",11.3,4.74432,0.4,8.42,14.18,-92.1,-84,-101.2,395,385,399,109,17
"robust","16425","Julian Hill","NE","TE",11.3,NA,0,11.3,11.3,-92.1,-81.12,-104.08,395,370,409,109,17
"weighted","13427","Tonyan, Robert","PIT","TE",2.4,NA,0.6,NA,NA,-100.940111420613,NA,NA,395,NA,NA,119,15
"robust","12955","Chris Manhertz","NYG","TE",10.9,4.15128,0.299999999999999,8.38,13.42,-92.5,-84.04,-101.96,397,386,403,110,17
"weighted","17641","Bredeson, Max","MIN","TE",1.8,NA,0.2,NA,NA,-101.540111420613,NA,NA,397,NA,NA,120,15
"average","12955","Chris Manhertz","NYG","TE",10.9,3.95979797464466,0.299999999999999,8.38,13.42,-93.8,-84.04,-101.96,398,386,403,110,14
"weighted","17419","Latu, Keleki","BUF","TE",1.6,NA,0.6,NA,NA,-101.740111420613,NA,NA,399,NA,NA,121,15
"robust","13940","Mundt, Johnny","PHI","TE",10.6,NA,1,10.6,10.6,-92.8,-81.82,-104.78,400,374,410,111,18
"average","13940","Mundt, Johnny","PHI","TE",10.6,NA,1,10.6,10.6,-94.1,-81.82,-104.78,401,374,410,111,14
"robust","15925","FitzPatrick, John","GBP","TE",9.6,NA,0.449999999999999,9.6,9.6,-93.8,-82.82,-105.78,402,376,413,112,18
"weighted","14060","Jackson, Tyree","WAS","TE",1,NA,0.3,NA,NA,-102.340111420613,NA,NA,403,NA,NA,122,15
"average","15925","FitzPatrick, John","GBP","TE",9.6,NA,0.449999999999999,9.6,9.6,-95.1,-82.82,-105.78,404,376,413,112,14
"robust","15840","Woods, Jelani","NYJ","TE",9.15,13.41753,0.900000000000002,1.005,17.295,-94.25,-91.415,-98.085,404,438,387,113,18
"weighted","16919","Jenkins, E.J.","PHI","TE",0.7,NA,0.1,NA,NA,-102.640111420613,NA,NA,404,NA,NA,123,15
"weighted","16898","Yankoff, Colson","WAS","TE",0.6,NA,0,NA,NA,-102.740111420613,NA,NA,405,NA,NA,124,15
"average","15840","Woods, Jelani","NYJ","TE",9.15,12.7986327394765,0.900000000000002,1.005,17.295,-95.55,-91.415,-98.085,406,438,387,113,14
"robust","16220","Will Mallory","IND","TE",8.25,11.04537,0.449999999999999,1.545,14.955,-95.15,-90.875,-100.425,407,434,396,114,18
"average","16220","Will Mallory","IND","TE",8.25,10.5358910396796,0.449999999999999,1.545,14.955,-96.45,-90.875,-100.425,408,434,396,114,14
"robust","16648","Jared Wiley","KC","TE",7.8,11.1195,2.9,1.05,14.55,-95.6,-91.37,-100.83,409,437,398,115,18
"average","16648","Jared Wiley","KC","TE",7.8,10.6066017177982,2.9,1.05,14.55,-96.9,-91.37,-100.83,412,437,398,115,15
"robust","16831","Martin-Robinson, David","TEN","TE",4.9,NA,1.1,4.9,4.9,-98.5,-87.52,-110.48,417,402,425,116,18
"average","16831","Martin-Robinson, David","TEN","TE",4.9,NA,1.1,4.9,4.9,-99.8,-87.52,-110.48,420,402,425,116,15
"robust","16706","Reiman, Tip","ARI","TE",3.8,NA,1.2,3.8,3.8,-99.6,-88.62,-111.58,421,412,429,117,19
"average","16706","Reiman, Tip","ARI","TE",3.8,NA,1.2,3.8,3.8,-100.9,-88.62,-111.58,423,412,429,117,15
"robust","17696","Ryan, Carsen","CLE","TE",2.6,NA,0.2,2.6,2.6,-100.8,-89.82,-112.78,424,423,432,118,19
"average","17696","Ryan, Carsen","CLE","TE",2.6,NA,0.2,2.6,2.6,-102.1,-89.82,-112.78,425,423,432,118,15
"robust","13427","Tonyan, Robert","PIT","TE",2.4,NA,0.6,2.4,2.4,-101,-90.02,-112.98,425,427,434,119,19
"average","13427","Tonyan, Robert","PIT","TE",2.4,NA,0.6,2.4,2.4,-102.3,-90.02,-112.98,426,427,434,119,15
"robust","17641","Bredeson, Max","MIN","TE",1.8,NA,0.2,1.8,1.8,-101.6,-90.62,-113.58,428,431,435,120,19
"robust","17419","Latu, Keleki","BUF","TE",1.6,NA,0.6,1.6,1.6,-101.8,-90.82,-113.78,429,433,437,121,19
"average","17641","Bredeson, Max","MIN","TE",1.8,NA,0.2,1.8,1.8,-102.9,-90.62,-113.58,430,431,435,120,15
"robust","14060","Jackson, Tyree","WAS","TE",1,NA,0.3,1,1,-102.4,-91.42,-114.38,430,439,439,122,19
"robust","16919","Jenkins, E.J.","PHI","TE",0.7,NA,0.1,0.7,0.7,-102.7,-91.72,-114.68,431,441,441,123,19
"average","17419","Latu, Keleki","BUF","TE",1.6,NA,0.6,1.6,1.6,-103.1,-90.82,-113.78,432,433,437,121,15
"robust","16898","Yankoff, Colson","WAS","TE",0.6,NA,0,0.6,0.6,-102.8,-91.82,-114.78,432,442,442,124,19
"average","14060","Jackson, Tyree","WAS","TE",1,NA,0.3,1,1,-103.7,-91.42,-114.38,435,439,439,122,15
"average","16919","Jenkins, E.J.","PHI","TE",0.7,NA,0.1,0.7,0.7,-104,-91.72,-114.68,437,441,441,123,15
"average","16898","Yankoff, Colson","WAS","TE",0.6,NA,0,0.6,0.6,-104.1,-91.82,-114.78,439,442,442,124,15
"robust","16211","Puka Nacua","LAR","WR",222.4125,11.675475,9.02750000000003,190.34,233.925,105.7625,85.48,90.425,6,12,9,1,1
"average","16211","Puka Nacua","LAR","WR",218.760714285714,18.6029167579915,7.76214285714286,190.34,233.925,97.6157142857143,85.48,90.425,7,12,9,1,1
"weighted","16211","Puka Nacua","LAR","WR",215.393906685237,21.551093743963,6.56974233983286,182.437941841837,234.30249176209,95.7591922005571,78.5582840554263,87.9852911634133,7,17,11,1,1
"robust","15281","Ja'Marr Chase","CIN","WR",213.385,4.25506200000005,1.72624999999999,188.57,230.59,96.735,83.71,87.09,8,14,11,2,1
"robust","16185","Jaxon Smith-Njigba","SEA","WR",211.65875,14.181069,8.45874999999998,180.1625,227.5225,95.00875,75.3025,84.0225,9,18,13,3,1
"weighted","15281","Ja'Marr Chase","CIN","WR",208.824164345404,19.0500648481017,2.29432451253481,185.640294961383,234.899311493519,89.1894498607242,81.7606371749721,88.5821108948421,10,14,10,2,1
"average","15281","Ja'Marr Chase","CIN","WR",210.998571428571,16.2735075389127,2.34928571428571,188.57,230.59,89.8535714285714,83.71,87.09,11,14,11,2,1
"average","16185","Jaxon Smith-Njigba","SEA","WR",208.649285714286,18.8703253435501,10.1521428571428,180.1625,227.5225,87.5042857142857,75.3025,84.0225,12,18,13,3,1
"robust","15287","Amon-Ra St. Brown","DET","WR",203.2,9.93342000000002,29.1675,172.4,210.74,86.55,67.54,67.24,12,22,22,4,2
"weighted","16185","Jaxon Smith-Njigba","SEA","WR",206.529839832869,22.5890926835202,12.6929317548746,173.225742033101,229.005621718308,86.8951253481894,69.3460842466903,82.6884211196311,12,18,14,3,1
"average","15287","Amon-Ra St. Brown","DET","WR",198.497142857143,17.0639246309143,23.5614285714286,172.4,210.74,77.3521428571429,67.54,67.24,16,22,22,4,2
"weighted","15287","Amon-Ra St. Brown","DET","WR",193.836908077994,18.2260520944933,18.832938718663,164.204088636106,207.115629095332,74.2021935933148,60.324430849696,60.7984284966552,17,24,27,4,2
"robust","14832","CeeDee Lamb","DAL","WR",174.0325,14.97426,0.932500000000005,153.4,189.959,57.3825,48.54,46.459,22,30,32,5,2
"robust","14836","Justin Jefferson","MIN","WR",173.1,3.03932999999993,0.559999999999974,152.255,201.95,56.45,47.395,58.45,24,33,27,6,2
"weighted","14836","Justin Jefferson","MIN","WR",175.003969359331,22.9911510827556,0.225666202414118,146.217836318393,208.808960004491,55.3692548746518,42.3381785319822,62.4917594058146,24,36,26,5,2
"average","14836","Justin Jefferson","MIN","WR",174.935714285714,19.6782814774249,0.419761904761884,152.255,201.95,53.7907142857143,47.395,58.45,25,33,27,5,2
"robust","15751","Drake London","ATL","WR",172.54,14.942137,5.14000000000001,155.8875,197.72,55.89,51.0275,54.22,25,29,28,7,3
"weighted","15751","Drake London","ATL","WR",174.778303156917,19.6131840723579,4.38867920148562,153.7570066518,200.985464794352,55.1435886722377,49.8773488653898,54.6682641956752,25,29,29,6,2
"average","15751","Drake London","ATL","WR",174.515952380952,16.0842458537085,0.357380952380964,155.8875,197.72,53.3709523809524,51.0275,54.22,26,29,28,6,2
"average","14832","CeeDee Lamb","DAL","WR",174.158571428571,15.4085273237164,6.99857142857144,153.4,189.959,53.0135714285714,48.54,46.459,27,30,32,7,2
"robust","15290","Nico Collins","HOU","WR",167.4,16.3086,2.09999999999999,152.02,183.24,50.75,47.16,39.74,27,34,37,8,3
"weighted","14832","CeeDee Lamb","DAL","WR",170.389623955432,17.2856293243992,4.2826601671309,150.621874059116,191.925066042504,50.7549094707521,46.742216272705,45.6078654438273,27,34,34,7,2
"robust","16194","Rashee Rice","KC","WR",165.3,10.52646,1.05000000000001,147.05,177.188,48.65,42.19,33.688,29,36,43,9,3
"robust","15762","George Pickens","DAL","WR",164.25,11.41602,0.748333333333335,152.68,190.94,47.6,47.82,47.44,30,32,31,10,3
"average","15762","George Pickens","DAL","WR",167.16,17.7899690837281,0.499999999999972,152.68,190.94,46.015,47.82,47.44,31,32,31,8,2
"weighted","15762","George Pickens","DAL","WR",166.106963788301,17.0631719618261,0.0786908077994042,152.389253385623,193.243807758278,46.4722493036212,48.5095955992127,46.9266071596014,31,30,32,8,2
"average","15290","Nico Collins","HOU","WR",166.66,14.2820866822744,1.8857142857143,152.02,183.24,45.515,47.16,39.74,32,34,37,9,2
"weighted","15290","Nico Collins","HOU","WR",166.028272980501,13.914678377242,2.56201021355619,150.96016057194,183.703474769145,46.3935584958218,47.0805027855292,37.3862741704683,32,32,41,9,2
"average","16194","Rashee Rice","KC","WR",164.774285714286,12.8734647720843,0.60904761904763,147.05,177.188,43.6292857142857,42.19,33.688,33,36,43,10,3
"robust","15754","Chris Olave","NO","WR",163.501666666667,11.831148,4.80166666666665,144.651,183.335,46.8516666666666,39.791,39.835,33,37,36,11,4
"weighted","15754","Chris Olave","NO","WR",163.466262766945,17.6862190788863,1.83506499535747,140.809902882627,184.873215374813,43.8315482822656,36.930245096216,38.5560147761359,33,38,38,10,3
"robust","16190","Zay Flowers","BAL","WR",158.7,9.85928999999997,7.15000000000001,142.97,178.27,42.05,38.11,34.77,34,38,42,12,4
"average","15754","Chris Olave","NO","WR",164.165238095238,14.8289826150288,6.57523809523809,144.651,183.335,43.0202380952381,39.791,39.835,35,37,36,11,3
"weighted","16194","Rashee Rice","KC","WR",161.631197771588,14.3770605317772,4.57179665738164,146.577043557592,178.470272219059,41.9964832869081,42.6973857711818,32.1530716203818,36,35,44,11,3
"weighted","16190","Zay Flowers","BAL","WR",157.059401114206,16.4904924998846,4.53196378830083,142.126482824382,179.551831107353,37.4246866295265,38.2468250379719,33.2346305086762,37,37,43,12,3
"average","16190","Zay Flowers","BAL","WR",157.59,16.5230672092079,4.43000000000001,142.97,178.27,36.445,38.11,34.77,38,38,42,12,3
"average","15756","Jameson Williams","DET","WR",153.16,12.2879208981829,1.27999999999997,141.78,169.4,32.015,36.92,25.9,39,39,47,13,3
"weighted","15756","Jameson Williams","DET","WR",152.527437325905,11.7171235960503,1.22353760445682,140.711078856402,171.429554893802,32.8927228412256,36.8314210699913,25.112354295125,39,39,50,13,3
"average","17081","Emeka Egbuka","TB","WR",151.88,12.7627191460127,1.15000000000001,139.64,168.54,30.735,34.78,25.04,40,40,50,14,3
"robust","15756","Jameson Williams","DET","WR",151.55,8.1543,0.5,141.78,169.4,34.9,36.92,25.9,40,39,47,13,4
"weighted","17081","Emeka Egbuka","TB","WR",151.303899721448,12.2299623838519,1.29603064066856,138.458430313865,170.358477745611,31.6691852367688,34.5787725274541,24.0412771469339,40,42,52,14,3
"average","14835","Tee Higgins","CIN","WR",150.73,11.9550512336836,0.464285714285722,139.45,165.78,29.585,34.59,22.28,41,42,53,15,3
"robust","17081","Emeka Egbuka","TB","WR",151.05,11.71254,0.175000000000011,139.64,168.54,34.4,34.78,25.04,41,40,50,14,4
"weighted","14835","Tee Higgins","CIN","WR",150.00786908078,11.6392917975727,0.678064066852357,138.761247197744,166.712739775915,30.3731545961002,34.881589411334,20.3955391772379,41,41,56,15,3
"average","14104","A.J. Brown","NE","WR",150.265714285714,30.5738111554878,0.665714285714301,106.67,179.429,29.1207142857143,1.81,35.929,42,100,41,16,3
"robust","14835","Tee Higgins","CIN","WR",150.875,10.8971099999999,0.5,139.45,165.78,34.225,34.59,22.28,42,42,53,15,4
"weighted","15282","DeVonta Smith","PHI","WR",149.329805013928,11.6187908459438,0.23976323119777,132.134029577038,160.096887772854,29.6950905292479,28.2543717906273,13.7796871741769,42,51,62,16,3
"robust","14104","A.J. Brown","NE","WR",150.375,24.803898,1.27499999999998,106.67,179.429,33.725,1.81,35.929,43,100,41,16,4
"weighted","11675","Davante Adams","LAR","WR",149.09004178273,14.5184494381059,2.11671309192198,129.499574513056,167.220815283458,29.4553272980501,25.6199167266459,20.9036146847807,43,57,55,17,3
"average","15282","DeVonta Smith","PHI","WR",149.6,11.8184178298112,0.849999999999966,134.44,160.12,28.455,29.58,16.62,44,46,60,17,3
"robust","11675","Davante Adams","LAR","WR",149.1,2.96520000000004,2.45000000000002,132.06,164.74,32.45,27.2,21.24,44,50,56,17,5
"robust","15282","DeVonta Smith","PHI","WR",149.1,15.27078,0,134.44,160.12,32.45,29.58,16.62,44,46,60,17,5
"robust","16615","Malik Nabers","NYG","WR",146.65,23.4250799999999,0.775000000000006,125.34,167.54,30,20.48,24.04,45,62,51,18,5
"average","11675","Davante Adams","LAR","WR",148.75,14.1680097402564,0.720000000000027,132.06,164.74,27.605,27.2,21.24,46,50,56,18,4
"robust","13635","DJ Moore","BUF","WR",145.875,8.82147000000002,1.10000000000002,133.59,172.24,29.225,28.73,28.74,46,49,46,19,5
"average","13635","DJ Moore","BUF","WR",148.03,18.182498453183,1.19,133.59,172.24,26.885,28.73,28.74,47,49,46,19,4
"robust","15753","Garrett Wilson","NYJ","WR",144.775,5.41149000000001,1.78749999999997,135.15,154.51,28.125,30.29,11.01,47,45,72,20,5
"weighted","13635","DJ Moore","BUF","WR",146.973328690808,17.4518282279952,0.593245125348176,133.296614039894,174.363068596502,27.3386142061281,29.4169562534834,28.0458679978256,47,50,46,18,3
"robust","17071","Tetairoa McMillan","CAR","WR",142.9875,1.33433999999997,1.83750000000001,138.12,163.475,26.3375,33.26,19.975,49,43,58,21,5
"weighted","16615","Malik Nabers","NYG","WR",146.38008356546,18.1836640642267,0.943628133704777,124.017152368894,168.938051441741,26.74536908078,20.137494582483,22.6208508430643,49,64,54,19,4
"average","16615","Malik Nabers","NYG","WR",146.84,18.6072029064016,0.745000000000005,125.34,167.54,25.695,20.48,24.04,50,62,51,20,4
"average","17071","Tetairoa McMillan","CAR","WR",146.095,12.5828802346681,1.125,138.12,163.475,24.95,33.26,19.975,51,43,58,21,4
"weighted","17071","Tetairoa McMillan","CAR","WR",145.436455431755,11.9405144075837,0.65685933147634,138.117846292096,165.666928409083,25.8017409470752,34.2381885056854,19.3497278104063,51,43,58,20,4
"robust","14109","Terry McLaurin","WAS","WR",141.15,2.66868000000002,1.04999999999998,131.92,150.64,24.5,27.06,7.13999999999999,52,53,84,22,5
"average","15789","Christian Watson","GB","WR",144.97,17.8110429228611,0.340000000000003,131.82,169.25,23.825,26.96,25.75,53,54,48,22,4
"robust","16627","Ladd McConkey","LAC","WR",140.1,12.15732,0.350000000000023,131.66,154.3,23.45,26.8,10.8,53,55,73,23,5
"weighted","15789","Christian Watson","GB","WR",144.779596100279,18.023018775939,0.432869080779938,131.061975218393,173.696844211849,25.1448816155988,27.1823174319824,27.3796436131718,53,53,47,21,4
"average","15753","Garrett Wilson","NYJ","WR",144.63,8.34345551914793,3.25,135.15,154.51,23.485,30.29,11.01,54,45,72,23,4
"robust","15768","Alec Pierce","IND","WR",139.75,25.79724,0.175000000000011,121.86,157.76,23.1,17,14.26,54,66,65,24,5
"weighted","15753","Garrett Wilson","NYJ","WR",144.346727019499,8.03207576897771,3.42374651810582,133.842688409914,155.539425939722,24.7120125348189,29.9630306235034,9.22222534104552,54,47,79,22,4
"robust","15789","Christian Watson","GB","WR",139.575,5.78214000000001,1.47499999999997,131.82,169.25,22.925,26.96,25.75,55,54,48,25,5
"weighted","14109","Terry McLaurin","WAS","WR",140.922980501393,7.95537568183869,0.777855153203348,130.345987703497,151.758397600016,21.2882660167131,26.466329917087,5.44119700133965,55,55,85,23,4
"average","14109","Terry McLaurin","WAS","WR",141.38,8.13646114720646,0.679999999999978,131.92,150.64,20.235,27.06,7.13999999999999,56,53,84,24,4
"weighted","16627","Ladd McConkey","LAC","WR",140.145125348189,10.004826029247,0.851532033426196,131.685701882624,155.945847785979,20.5104108635097,27.8060440962139,9.6286471873018,56,52,76,24,4
"average","16627","Ladd McConkey","LAC","WR",140.7,10.4505980690102,1.02000000000001,131.66,154.3,19.555,26.8,10.8,57,55,73,25,4
"weighted","14104","A.J. Brown","NE","WR",139.293593314763,31.2235293525119,0.51535515320333,103.836944921729,179.631128122791,19.6588788300836,-0.0427128646812065,33.3139275241138,57,102,42,25,4
"average","15768","Alec Pierce","IND","WR",139.68,17.3864027331705,0.405000000000001,121.86,157.76,18.535,17,14.26,58,66,65,26,4
"robust","11671","Mike Evans","SF","WR",138.1,9.19211999999998,0.225000000000023,130.76,148.4,21.45,25.9,4.89999999999998,58,56,90,26,5
"weighted","16616","Rome Odunze","CHI","WR",138.77823816156,18.1618598319182,0.0267061281337249,114.961048304024,161.010420630257,19.1435236768802,11.0813905176133,14.6932200315798,58,84,61,26,4
"robust","16616","Rome Odunze","CHI","WR",137.875,23.462145,6.32499999999999,117.62,159.955,21.225,12.76,16.455,59,79,61,27,6
"weighted","15768","Alec Pierce","IND","WR",138.751532033426,17.3999239225273,0.584540389972091,121.639802730294,157.76849207609,19.1168175487465,17.7601449438834,11.4512914774136,59,66,70,27,4
"average","16616","Rome Odunze","CHI","WR",139.275,18.521592129188,0.674999999999983,117.62,159.955,18.13,12.76,16.455,60,79,61,27,4
"weighted","11671","Mike Evans","SF","WR",138.166991643454,8.17958543065283,3.81357938718665,130.767522302082,148.757354574639,18.5322771587744,26.8878645156711,2.44015397596218,60,54,95,28,4
"average","11671","Mike Evans","SF","WR",138.6,8.35134719671023,2.93000000000001,130.76,148.4,17.455,25.9,4.89999999999998,61,56,90,28,4
"robust","13630","Courtland Sutton","DEN","WR",131.55,13.04688,0.5,118.92,153.78,14.9,14.06,10.28,67,75,78,28,6
"average","17070","Luther Burden III","CHI","WR",135.67,22.1127395408167,2.41,118.73,165.7,14.525,13.87,22.2,68,77,54,29,4
"weighted","17070","Luther Burden III","CHI","WR",134.353412256267,20.9179169322491,1.82806406685233,117.58762844357,170.318466243134,14.7186977715878,13.7079706571597,24.0012656444572,68,81,53,29,4
"robust","15284","Jaylen Waddle","DEN","WR",131.05,13.63992,0.650000000000006,112.7,145.64,14.4,7.84000000000002,2.13999999999996,69,89,97,29,6
"robust","14102","DK Metcalf","PIT","WR",130.4,11.56428,0.824999999999989,120.6,147.38,13.75,15.74,3.87999999999994,70,68,94,30,6
"weighted","13630","Courtland Sutton","DEN","WR",132.525348189415,14.8315462341256,1.52130919220062,117.691123590738,156.147641020513,12.8906337047354,13.8114658043279,9.83044042183627,72,80,73,30,4
"robust","17070","Luther Burden III","CHI","WR",129.575,7.48712999999997,0.375,118.73,165.7,12.925,13.87,22.2,73,77,54,31,6
"robust","16192","Parker Washington","JAC","WR",129.2,9.04385999999999,0.100000000000023,112.66,141.5,12.55,7.80000000000001,-2.00000000000003,74,90,109,32,6
"robust","16618","Brian Thomas Jr.","JAC","WR",129.1,15.86382,4.09999999999998,112.64,147.82,12.45,7.78,4.31999999999996,75,91,93,33,7
"average","13630","Courtland Sutton","DEN","WR",133.26,15.5155728221681,1.74000000000001,118.92,153.78,12.115,14.06,10.28,76,75,78,30,5
"average","14102","DK Metcalf","PIT","WR",131.52,12.1213448098798,0.680000000000007,120.6,147.38,10.375,15.74,3.87999999999994,78,68,94,31,5
"weighted","14102","DK Metcalf","PIT","WR",131.004038997214,11.5514223220899,0.535933147632306,120.334920907756,149.327837036676,11.3693245125348,16.4552631213454,3.01063643799893,78,69,92,31,5
"weighted","15284","Jaylen Waddle","DEN","WR",130.468105849582,14.0520910891128,1.65236768802228,110.587028134899,146.925336138537,10.8333913649025,6.70737034848887,0.608135539860257,80,91,99,32,5
"average","15284","Jaylen Waddle","DEN","WR",130.84,14.3442671475402,1.35999999999999,112.7,145.64,9.69499999999999,7.84000000000002,2.13999999999996,81,89,97,32,5
"weighted","16192","Parker Washington","JAC","WR",128.81573816156,13.7991559723382,1.68732590529248,111.664532679199,141.781797548787,9.18102367688022,7.78487489278857,-4.53540304989031,81,89,113,33,5
"average","16192","Parker Washington","JAC","WR",129.48,13.6759643170052,1.30000000000001,112.66,141.5,8.33500000000001,7.80000000000001,-2.00000000000003,85,90,109,33,5
"robust","16614","Marvin Harrison Jr.","ARI","WR",125,6.52344000000001,7.21250000000001,111.08,143.5,8.34999999999999,6.22000000000001,0,86,94,103,34,7
"weighted","16618","Brian Thomas Jr.","JAC","WR",127.128412256267,15.048055650524,1.65947075208912,111.687556449954,150.406334593699,7.49369777158773,7.8078986635438,4.08913399502245,86,88,89,34,5
"average","16618","Brian Thomas Jr.","JAC","WR",128.18,15.5687828682913,2.14,112.64,147.82,7.035,7.78,4.31999999999996,88,91,93,34,5
"weighted","16614","Marvin Harrison Jr.","ARI","WR",125.468941504178,13.4058798891548,5.83422701949861,109.517562039557,145.605924567381,5.83422701949861,5.63790425314627,-0.71127603129591,92,96,103,35,5
"average","16614","Marvin Harrison Jr.","ARI","WR",126.04,14.0193794441837,4.895,111.08,143.5,4.895,6.22000000000001,0,94,94,103,35,5
"robust","17497","Carnell Tate","TEN","WR",117.7875,15.530235,1.13749999999999,97.2,138.795,1.13749999999999,-7.66000000000001,-4.70500000000001,99,121,119,35,7
"weighted","16206","Michael Wilson","ARI","WR",119.63471448468,20.7186298807843,3.36636490250696,103.87965778641,153.260798254257,0,0,6.94359765558025,101,101,83,36,5
"average","16206","Michael Wilson","ARI","WR",121.145,21.5465803551283,4.19,104.1,150.18,0,-0.759999999999977,6.67999999999998,103,105,86,36,6
"robust","16206","Michael Wilson","ARI","WR",116.65,13.602855,5.15000000000002,104.1,150.18,0,-0.759999999999977,6.67999999999998,103,105,86,36,8
"weighted","17497","Carnell Tate","TEN","WR",116.268349582173,17.3653611949684,0.61135097493036,94.6767244214561,140.900615012584,-3.36636490250696,-9.20293336495443,-5.41658558609242,107,119,115,37,5
"weighted","13163","Chris Godwin","TB","WR",115.656998607242,17.7257374865315,3.93415738161562,104.707259139858,146.317200598677,-3.97771587743732,0.82760135344725,0,109,100,101,38,6
"average","17497","Carnell Tate","TEN","WR",116.955,17.9655260151213,0.0300000000000011,97.2,138.795,-4.19,-7.66000000000001,-4.70500000000001,112,121,119,37,6
"average","13163","Chris Godwin","TB","WR",116.925,18.6535016819899,4.245,104.86,142.72,-4.22,0,-0.78000000000003,113,103,105,38,6
"weighted","16186","Jordan Addison","MIN","WR",111.722841225627,16.3249583148497,1.62876044568245,98.009196285023,139.671423675052,-7.91187325905294,-5.87046150138745,-6.64577692362522,117,111,117,39,6
"robust","13163","Chris Godwin","TB","WR",111.5,4.85551500000001,1.25,104.86,142.72,-5.15000000000002,0,-0.78000000000003,118,103,105,37,8
"robust","17075","Matthew Golden","GB","WR",110.25,22.9803,1.32499999999999,87.87,132.89,-6.40000000000002,-16.99,-10.61,122,153,136,38,8
"average","16186","Jordan Addison","MIN","WR",112.68,17.2918188748321,2.91000000000001,99.22,135.76,-8.465,-5.63999999999999,-7.74000000000004,123,117,128,39,6
"weighted","17075","Matthew Golden","GB","WR",110.094080779944,19.7903913886874,1.50515320334263,85.9393624481314,134.634046762661,-9.54063370473538,-17.9402953382791,-11.6831538360154,123,137,129,40,6
"robust","16188","Quentin Johnston","LAC","WR",108.925,7.63538999999999,0.225000000000023,96.81,121.31,-7.72500000000001,-8.05,-22.19,125,124,174,39,8
"weighted","16188","Quentin Johnston","LAC","WR",108.588927576602,10.1691395928333,2.0426880222841,95.1985300846308,122.499722774677,-11.045786908078,-8.68112770177969,-23.8174778239994,125,117,158,41,6
"robust","16620","Xavier Worthy","KC","WR",108.7,13.93644,0.499999999999986,86.58,121.7,-7.95000000000003,-18.28,-21.8,126,158,172,40,8
"robust","16186","Jordan Addison","MIN","WR",108.2,2.52041999999998,0.950000000000003,99.22,135.76,-8.45000000000002,-5.63999999999999,-7.74000000000004,127,117,128,41,8
"weighted","16620","Xavier Worthy","KC","WR",106.546239554318,15.6683209530279,0.518105849582199,84.4590779932259,122.335640390331,-13.0884749303621,-19.4205797931846,-23.9815602083454,127,141,159,42,6
"average","17075","Matthew Golden","GB","WR",109.77,19.667695594553,0.839999999999989,87.87,132.89,-11.375,-16.99,-10.61,130,153,136,40,6
"robust","14842","Michael Pittman","PIT","WR",107.25,11.1195,0.300000000000011,88.36,117.34,-9.40000000000002,-16.5,-26.16,130,148,192,42,8
"weighted","16184","Jayden Reed","GB","WR",106.028133704735,23.5817500101915,0.442618384401101,77.0350254075294,139.235972073881,-13.6065807799443,-26.844632378881,-7.08122852479556,131,162,119,43,6
"robust","16184","Jayden Reed","GB","WR",106.95,20.31162,1.84999999999999,79.78,136.6,-9.70000000000003,-25.08,-6.90000000000006,132,179,122,43,9
"weighted","14842","Michael Pittman","PIT","WR",105.585515320334,13.287630827243,0.500278551532034,86.7416671713113,117.525348479918,-14.0491991643454,-17.1379906150991,-28.7918521187588,132,134,169,44,6
"weighted","15757","Wan'Dale Robinson","TEN","WR",105.085236768802,25.9627297496506,1.33857938718663,87.7231832259188,150.557887478911,-14.5494777158774,-16.1564745604917,4.24068688023462,133,131,87,45,6
"average","16188","Quentin Johnston","LAC","WR",108.93,10.5411455734185,2.01000000000002,96.81,121.31,-12.215,-8.05,-22.19,134,124,174,41,6
"weighted","14127","Jakobi Meyers","JAC","WR",103.746657381616,17.4296023231558,1.68130222841225,79.4451780948705,126.806592228311,-15.8880571030641,-24.43447969154,-19.5106083703659,134,156,144,46,6
"weighted","12186","Stefon Diggs","WAS","WR",102.065355153203,11.6575283325976,0.381650417827316,84.1066400777785,113.774811074845,-17.5693593314763,-19.773017708632,-32.5423895238322,137,144,178,47,6
"robust","14127","Jakobi Meyers","JAC","WR",105.1,3.55824000000001,1.18749999999999,82.78,124.38,-11.55,-22.08,-19.12,138,167,163,44,9
"weighted","14136","Deebo Samuel","SF","WR",101.683704735376,19.419682286245,2.80857938718663,80.3137442002584,121.104172413052,-17.9510097493036,-23.5659135861521,-25.2130281856249,138,154,161,48,7
"average","16184","Jayden Reed","GB","WR",106.92,24.4876907853721,0.179999999999978,79.78,136.6,-14.225,-25.08,-6.90000000000006,140,179,122,42,6
"robust","12186","Stefon Diggs","WAS","WR",103.9125,8.710275,3.16250000000001,86.465,112.94,-12.7375,-18.395,-30.56,141,159,203,45,9
"average","15757","Wan'Dale Robinson","TEN","WR",106.74,27.5442916046138,0.240000000000009,89,143.84,-14.405,-15.86,0.339999999999975,142,145,101,43,6
"average","16620","Xavier Worthy","KC","WR",106.5,15.6454466219408,0.859999999999999,86.58,121.7,-14.645,-18.28,-21.8,143,158,172,44,6
"average","14842","Michael Pittman","PIT","WR",105.64,13.3668620102102,1.3,88.36,117.34,-15.505,-16.5,-26.16,146,148,192,45,6
"weighted","16187","Josh Downs","IND","WR",98.8751253481894,10.042147554705,0.824428969359317,87.4724528040842,112.913925441956,-20.7595891364903,-16.4072049823263,-33.403275156721,149,132,180,49,7
"weighted","15779","Romeo Doubs","NE","WR",98.0506963788301,15.5202821947632,2.30954038997216,82.6481060322711,120.908996418441,-21.5840181058496,-21.2315517541394,-25.4082041802363,151,147,162,50,7
"average","14127","Jakobi Meyers","JAC","WR",104.34,18.0705008231648,1.99499999999999,82.78,124.38,-16.805,-22.08,-19.12,152,167,163,46,6
"robust","14136","Deebo Samuel","SF","WR",100.75,19.57032,0.88000000000001,80.52,120.9,-15.9,-24.34,-22.6,152,176,179,46,9
"robust","16187","Josh Downs","IND","WR",99.87,9.88894199999998,2.76999999999998,88.32,111.82,-16.78,-16.54,-31.68,154,150,207,47,9
"weighted","16809","Jalen Coker","CAR","WR",95.7411559888579,24.7763151084414,0.00933147632311204,77.8026171604,133.114489563922,-23.8935584958217,-26.0770406260105,-13.2027110347552,157,160,131,51,7
"weighted","16080","Rashid Shaheed","SEA","WR",95.7318245125348,23.4996089834418,1.74199164345404,67.2396785311201,129.612839866233,-23.9028899721448,-36.6399792552904,-16.7043607324437,158,176,138,52,7
"average","12186","Stefon Diggs","WAS","WR",102.345,11.903471132405,0.105000000000018,86.465,112.94,-18.8,-18.395,-30.56,159,159,203,47,6
"average","14136","Deebo Samuel","SF","WR",102.24,19.6297733048551,2.666,80.52,120.9,-18.905,-24.34,-22.6,160,176,179,48,7
"weighted","14833","Jerry Jeudy","CLE","WR",93.9898328690808,14.1978170724307,1.24439415041782,81.0105461560833,115.272443808879,-25.6448816155989,-22.8691116303272,-31.0447567897982,161,152,174,53,7
"weighted","17499","Makai Lemon","PHI","WR",92.745438718663,20.6973406504998,2.09481197771588,64.5222654057999,119.927387862538,-26.8892757660167,-39.3573923806106,-26.389812736139,162,181,166,54,7
"robust","15757","Wan'Dale Robinson","TEN","WR",97.1,0.889560000000013,0.5,89,143.84,-19.55,-15.86,0.339999999999975,163,145,101,48,9
"robust","15779","Romeo Doubs","NE","WR",96.6,15.27078,0.275000000000006,83.1,119.1,-20.05,-21.76,-24.4,165,166,183,49,9
"weighted","15761","Khalil Shakir","BUF","WR",90.6506267409471,9.36753235322129,3.19756267409471,78.4552900851986,98.3876068503169,-28.9840877437326,-25.4243677012119,-47.9295937483599,166,159,202,55,7
"robust","16080","Rashid Shaheed","SEA","WR",96.325,19.57032,2.175,70.04,126.69,-20.325,-34.82,-16.81,169,200,154,50,10
"average","16187","Josh Downs","IND","WR",99.574,10.2153012681957,0.873999999999995,88.32,111.82,-21.571,-16.54,-31.68,170,150,207,49,7
"weighted","13629","Calvin Ridley","TEN","WR",87.4530640668524,27.5353861262153,2.06754874651811,51.8339872563524,123.11476410824,-32.1816504178273,-52.0456705300581,-23.2024364904372,172,212,156,56,7
"average","15779","Romeo Doubs","NE","WR",98.7,16.1296311179146,2.13,83.1,119.1,-22.445,-21.76,-24.4,174,166,183,50,7
"weighted","16287","Tre Tucker","LV","WR",85.3855153203343,5.30913849816435,2.13718662952645,78.7273674602369,91.6664514389637,-34.2491991643454,-25.1522903261736,-54.6507491597131,176,158,212,57,8
"robust","14833","Jerry Jeudy","CLE","WR",94.15,11.71254,1.80000000000001,81.66,113.84,-22.5,-23.2,-29.66,177,172,201,51,10
"weighted","17501","KC Concepcion","CLE","WR",83.2483286908078,18.9523211021776,3.08997214484681,55.3439414443454,105.642534723544,-36.3863857938719,-48.5357163420651,-40.6746658751324,180,202,193,58,8
"average","16080","Rashid Shaheed","SEA","WR",96.57,24.4414760192587,0.240000000000009,70.04,126.69,-24.575,-34.82,-16.81,181,200,154,51,7
"weighted","16628","Jalen McMillan","TB","WR",80.158356545961,6.67829975414792,0.164484679665733,70.9679249765597,87.9286707624492,-39.4763579387187,-32.9117328098508,-58.3885298362276,182,170,221,59,8
"average","16809","Jalen Coker","CAR","WR",96.33,24.6174633136723,1.49,77.86,129.4,-24.815,-27,-14.1,183,186,143,52,7
"weighted","15786","Jalen Nailor","LV","WR",79.9938718662953,20.0890670787129,1.45884401114206,58.5693770286748,111.490404617078,-39.6408426183844,-45.3102807577356,-34.8267959815986,183,195,183,60,8
"robust","16809","Jalen Coker","CAR","WR",92.35,9.41451000000001,0.0999999999999801,77.86,129.4,-24.3,-27,-14.1,185,186,143,52,10
"weighted","16193","Kayshon Boutte","HOU","WR",78.5350278551532,24.6688622365512,0.359714484679657,57.0513710192395,118.946047332602,-41.0996866295265,-46.828286767171,-27.3711532660746,185,199,167,61,8
"robust","17499","Makai Lemon","PHI","WR",92.25,14.418285,1.72500000000001,67.98,117.705,-24.4,-36.88,-25.795,186,204,190,53,10
"weighted","16788","Devaughn Vele","NO","WR",78.1753133704735,12.8884969698595,0.0343662952646326,63.0184027248073,92.137163345984,-41.4594011142061,-40.8612550616032,-54.1800372526929,186,187,211,62,8
"average","14833","Jerry Jeudy","CLE","WR",94.84,14.6881925368644,1.455,81.66,113.84,-26.305,-23.2,-29.66,187,172,201,53,7
"weighted","17500","Denzel Boston","CLE","WR",78.1409470752089,21.218151813668,0.74519498607242,52.4110276463556,98.8012019686626,-41.4937674094708,-51.4686301400549,-47.5159986300142,187,210,201,63,8
"weighted","17498","Jordyn Tyson","NO","WR",77.3957520891365,39.0049300794673,0.16803621169916,30.363596863679,135.901047681638,-42.2389623955432,-73.5160609227315,-10.4161529170384,189,288,127,64,8
"robust","15761","Khalil Shakir","BUF","WR",90.525,4.74432,1.52500000000001,79.06,98.31,-26.125,-25.8,-45.19,190,182,230,54,10
"weighted","14860","Jauan Jennings","MIN","WR",77.2277158774373,19.7088675552769,0.956685236768791,62.4899473080579,107.896814036262,-42.4069986072423,-41.3897104783526,-38.4203865624151,190,188,189,65,8
"average","17499","Makai Lemon","PHI","WR",93.385,21.3927820771399,2.83499999999999,67.98,117.705,-27.76,-36.88,-25.795,192,204,190,54,7
"robust","13629","Calvin Ridley","TEN","WR",89,21.64596,3.84999999999999,55.04,120.8,-27.65,-49.82,-22.7,194,236,180,55,10
"weighted","15293","Rashod Bateman","BAL","WR",76.2710306406685,12.1848372015511,1.94477715877439,58.2484894887132,85.6492576245866,-43.3636838440111,-45.6311682976973,-60.6679429740903,195,196,227,66,8
"weighted","16626","Adonai Mitchell","NYJ","WR",74.3262534818942,15.6849728766188,0.279178272980502,54.1094526570505,93.5803498213463,-45.3084610027855,-49.77020512936,-52.7368507773305,197,205,208,67,8
"weighted","11222","Keenan Allen","IND","WR",74.0470752089137,10.6132449898595,0.263242645876758,63.2415965352162,90.1320978887674,-45.587639275766,-40.6380612511943,-56.1851027099094,198,186,215,68,8
"weighted","16684","Malik Washington","MIA","WR",73.7838325630369,18.5372949969825,2.6381152928419,59.5196036986143,100.734289685166,-45.8508819216428,-44.3600540877962,-45.5829109135104,199,194,197,69,8
"average","15761","Khalil Shakir","BUF","WR",90.55,9.30597926066891,2.03,79.06,98.31,-30.595,-25.8,-45.19,200,182,230,55,7
"weighted","17514","De'Zhaun Stribling","SF","WR",71.145717270195,35.5250174828538,2.1024362928826,25.303631629427,118.295992668019,-48.4889972144847,-78.5760261569835,-28.0212079306575,201,307,168,70,8
"robust","16287","Tre Tucker","LV","WR",85.15,8.30255999999999,0.450000000000003,79.42,91.48,-31.5,-25.44,-52.02,202,180,240,56,10
"weighted","17074","Travis Hunter","JAC","WR",69.0432809773124,16.0477818109346,1.01150869318982,53.6506197226865,91.4555556529476,-50.5914335073673,-50.229038063724,-54.8616449457293,202,206,213,71,8
"robust","17501","KC Concepcion","CLE","WR",84.7,11.56428,3.8,58.94,103.5,-31.95,-45.92,-40,203,228,221,57,11
"average","13629","Calvin Ridley","TEN","WR",88.52,28.4168435967121,3,55.04,120.8,-32.625,-49.82,-22.7,204,236,180,56,8
"weighted","13164","Cooper Kupp","SEA","WR",68.0317722841226,11.2626831531224,2.12898676880222,59.8274038092989,84.098150909908,-51.6029422005571,-44.0522539771116,-62.2190496887688,204,192,232,72,9
"weighted","17157","Isaac TeSlaa","DET","WR",65.9027855153203,12.7133565822747,0.104770194986074,49.0347544951916,80.0804014218001,-53.7319289693593,-54.8449032912189,-66.2367991768767,206,221,244,73,9
"average","16287","Tre Tucker","LV","WR",85.52,5.38767111097179,1.80000000000001,79.42,91.48,-35.625,-25.44,-52.02,207,180,240,57,8
"weighted","16195","Dontayvion Wicks","PHI","WR",65.7980153203343,11.0026042376568,0.891469359331481,56.6744770733991,81.6733497240856,-53.8366991643454,-47.2051807130113,-64.6438508745912,207,200,240,74,9
"robust","16628","Jalen McMillan","TB","WR",80.9,3.70650000000002,0.800000000000011,72.18,87.22,-35.75,-32.68,-56.28,208,194,246,58,11
"robust","15786","Jalen Nailor","LV","WR",80.1,15.41904,1.09999999999999,60.1,107.98,-36.55,-44.76,-35.52,209,222,213,59,11
"average","17501","KC Concepcion","CLE","WR",83.72,19.5021024507616,2.7,58.94,103.5,-37.425,-45.92,-40,210,228,221,58,8
"weighted","17512","Antonio Williams","WAS","WR",64.9065459610028,25.1161082348308,1.06477749096207,33.8245477427862,97.3747191892269,-54.7281685236769,-70.0551100436243,-48.94248140945,210,267,205,75,9
"robust","17500","Denzel Boston","CLE","WR",79,21.64596,1.59999999999999,53.48,98.68,-37.65,-51.38,-44.82,211,241,229,60,11
"average","15786","Jalen Nailor","LV","WR",81.02,21.0549756589743,0.61999999999999,60.1,107.98,-40.125,-44.76,-35.52,213,222,213,59,8
"weighted","17072","Tre' Harris","LAC","WR",63.8417684700407,26.44490254342,0.0820888043025647,49.6658718211189,104.113847166454,-55.792946014639,-54.2137859652916,-42.2033534322232,213,219,194,76,9
"weighted","17517","Ja'Kobi Lane","BAL","WR",63.7596796657382,29.3476316489765,0.528064066852366,20.1532580887808,93.0970465218349,-55.8750348189415,-83.7263996976297,-53.220154076842,214,333,210,77,9
"average","16628","Jalen McMillan","TB","WR",80.4,6.51766829472012,0.390000000000001,72.18,87.22,-40.745,-32.68,-56.28,215,194,246,60,8
"robust","16788","Devaughn Vele","NO","WR",77.4,18.5325,0.650000000000006,64.455,92.26,-39.25,-40.405,-51.24,215,212,239,61,11
"weighted","17599","Caleb Douglas","MIA","WR",63.2316155988858,25.4975789162605,0.427427117210406,22.297302086998,81.9635796915443,-56.4030988857939,-81.5823556994125,-64.3536209071326,215,325,239,78,9
"average","16193","Kayshon Boutte","HOU","WR",80.01,25.8513636003983,0.780000000000001,57.74,114.32,-41.135,-47.12,-29.18,216,230,200,61,8
"average","17498","Jordyn Tyson","NO","WR",79.23,40.7532452695488,0.414999999999992,35.41,129.64,-41.915,-69.45,-13.86,217,295,142,62,8
"robust","16193","Kayshon Boutte","HOU","WR",76.75,21.42357,0.150000000000006,57.74,114.32,-39.9,-47.12,-29.18,217,230,200,62,11
"weighted","16778","Ryan Flournoy","DAL","WR",62.8041884816754,9.7838266182904,1.24974403723094,52.2116036024267,74.4166087842992,-56.8305260030043,-51.6680541839838,-71.9005918143776,217,211,259,79,9
"robust","15293","Rashod Bateman","BAL","WR",76.6,6.6717,0.299999999999983,59.3,85.66,-40.05,-45.56,-57.84,218,227,252,63,11
"average","16788","Devaughn Vele","NO","WR",78.815,12.9716469655938,0.175000000000011,64.455,92.26,-42.33,-40.405,-51.24,219,212,239,63,8
"robust","14860","Jauan Jennings","MIN","WR",76.3,7.93191000000001,0.200000000000003,62.72,105.64,-40.35,-42.14,-37.86,219,217,217,64,11
"robust","17498","Jordyn Tyson","NO","WR",76.1,15.19665,2.15000000000002,35.41,129.64,-40.55,-69.45,-13.86,220,295,142,65,11
"average","17500","Denzel Boston","CLE","WR",78.64,21.4031072510512,0.120000000000005,53.48,98.68,-42.505,-51.38,-44.82,221,241,229,64,8
"average","14860","Jauan Jennings","MIN","WR",78.52,20.4270837370389,3.05999999999999,62.72,105.64,-42.625,-42.14,-37.86,222,217,217,65,8
"weighted","16342","DeMario Douglas","NE","WR",61.5544444444444,13.2375663060444,0.129402427637729,47.1149445668726,70.9439071119335,-58.0802700402352,-56.7647132195379,-75.3732934867434,222,223,272,80,9
"weighted","16201","Xavier Hutchinson","HOU","WR",61.4250420168067,9.25577908887296,0.253725490196082,51.3986815964726,70.0547152770777,-58.209672467873,-52.4809761899379,-76.2624853215991,223,215,276,81,9
"robust","16684","Malik Washington","MIA","WR",73.95,5.91993473512237,0.22499999999998,59.95,98.75,-42.7,-44.91,-44.75,224,223,228,66,11
"robust","16626","Adonai Mitchell","NYJ","WR",73.725,23.27682,1.675,56.36,92.75,-42.925,-48.5,-50.75,225,234,237,67,12
"weighted","15787","Tyquan Thornton","KC","WR",61.1713165266106,9.84067671349676,0.679607843137255,53.5663386762318,73.9093143949119,-58.463397958069,-50.3133191101787,-72.407886203765,226,207,260,82,9
"average","15293","Rashod Bateman","BAL","WR",75.46,12.572310845664,0.77000000000001,59.3,85.66,-45.685,-45.56,-57.84,228,227,252,66,8
"robust","17514","De'Zhaun Stribling","SF","WR",72.05,28.280595,0.25,29.62,114.92,-44.6,-75.24,-28.58,228,327,197,68,12
"weighted","13289","Mack Hollins","NE","WR",60.4917086834734,18.9637443987676,0.170967384952633,39.9760364767133,83.9706672820709,-59.1430058012063,-63.9036213096972,-62.3465333166059,228,246,233,83,9
"average","16626","Adonai Mitchell","NYJ","WR",74.69,16.0571401563292,0.171411744891088,56.36,92.75,-46.455,-48.5,-50.75,229,234,237,67,8
"weighted","15788","Jalen Tolbert","MIA","WR",60.3207412985208,27.4756729848014,0.610929977766034,35.6400080548369,99.3925191652266,-59.3139731861589,-68.2396497315736,-46.9246814334502,229,261,199,84,9
"average","16684","Malik Washington","MIA","WR",74.5185882551089,18.5669157215008,0.638588255108914,59.95,98.75,-46.6264117448911,-44.91,-44.75,230,223,228,68,8
"weighted","14840","Aiyuk, Brandon","SFO","WR",59.7098113207547,23.4759451353934,0.739407421033263,44.6506952054397,76.4953549547822,-59.924903163925,-59.2289625809707,-69.8218456438946,230,231,255,85,9
"average","11222","Keenan Allen","IND","WR",73.88,10.6231821974397,1.57499999999999,64.04,87.88,-47.265,-40.82,-55.62,231,213,244,69,8
"robust","11222","Keenan Allen","IND","WR",71.8,4.15128000000002,1.55000000000001,64.04,87.88,-44.85,-40.82,-55.62,231,213,244,69,12
"weighted","17080","Jaylin Noel","HOU","WR",58.9704038997215,12.680389794486,0.584958624291993,45.5956455439777,73.0513989456942,-60.6643105849582,-58.2840122424328,-73.2658016529826,231,229,262,86,9
"average","17514","De'Zhaun Stribling","SF","WR",72.305,36.7292815747872,2.13000000000001,29.62,114.92,-48.84,-75.24,-28.58,232,327,197,70,9
"robust","17503","Germie Bernard","PIT","WR",70.25,8.67321000000001,0.349999999999994,16.05,79.935,-46.4,-88.81,-63.565,232,415,268,70,12
"weighted","16204","Tank Dell","HOU","WR",58.3854452754295,24.2099021617714,1.05087006651581,23.1798183569813,85.5451161482451,-61.2492692092502,-80.6998394294292,-60.7720844504317,232,320,228,87,9
"weighted","17511","Malachi Fields","NYG","WR",57.3345752089137,27.6452067143044,0.150456535266166,25.8280553979959,99.0030173907939,-62.300139275766,-78.0516023884146,-47.3141832078829,233,305,200,88,9
"average","17074","Travis Hunter","JAC","WR",70.175,16.6528025669355,2.4325,55.05,89.325,-50.97,-49.81,-54.175,234,235,243,71,9
"robust","17599","Caleb Douglas","MIA","WR",69.9,10.82298,1.90000000000001,27.96,81.36,-46.75,-76.9,-62.14,234,340,262,71,12
"weighted","17503","Germie Bernard","PIT","WR",57.1841186736475,33.9198892825903,0.639092495637009,9.59713213480962,80.7092638315185,-62.4505958110322,-94.2825256516009,-65.6079367671583,234,383,242,89,9
"robust","17157","Isaac TeSlaa","DET","WR",68,11.26776,0.0999999999999943,50.86,79.6,-48.65,-54,-63.9,235,248,270,72,12
"average","13164","Cooper Kupp","SEA","WR",67.7425,11.2477895050539,1.02249999999999,59.838,82.6445,-53.4025,-45.022,-60.8555,236,224,257,72,9
"robust","17074","Travis Hunter","JAC","WR",67.9,11.41602,1.09375000000001,55.05,89.325,-48.75,-49.81,-54.175,236,235,243,73,12
"robust","13164","Cooper Kupp","SEA","WR",66.80625,0.889560000000002,0.106249999999989,59.838,82.6445,-49.84375,-45.022,-60.8555,237,224,257,74,12
"weighted","16639","Xavier Legette","CAR","WR",56.5450261780105,8.60300206177169,0.509249563699832,44.4732933452106,62.4415300919064,-63.0896883066692,-59.4063644411999,-83.8756705067704,237,232,297,90,9
"average","17157","Isaac TeSlaa","DET","WR",66.72,12.6888533760935,0.961666666666673,50.86,79.6,-54.425,-54,-63.9,238,248,270,73,9
"robust","17517","Ja'Kobi Lane","BAL","WR",66.7,26.61267,1.15000000000001,24.86,91.42,-49.95,-80,-52.08,238,363,241,75,12
"weighted","14974","Darnell Mooney","NYG","WR",56.0357766143106,17.3269161844783,0.826619232695052,44.0389029311011,82.0856401240834,-63.598937870369,-59.8407548553094,-64.2315604745935,238,234,237,91,9
"robust","17512","Antonio Williams","WAS","WR",65.55,26.98332,1.81249999999999,36.78,94.96,-51.1,-68.08,-48.54,239,287,236,76,12
"average","17072","Tre' Harris","LAC","WR",65.7583333333333,27.8772756918606,0.123333333333321,50.01,99.345,-55.3866666666667,-54.85,-44.1550000000001,240,250,225,74,9
"weighted","17082","Pat Bryant","DEN","WR",55.2091573816156,10.4712804417935,0.861513402557989,40.2921498814257,66.3303117271463,-64.4255571030641,-63.5875079049848,-79.9868888715305,240,245,286,92,9
"average","16195","Dontayvion Wicks","PHI","WR",65.635,10.9276541398417,0.275000000000006,56.7,80.075,-55.51,-48.16,-63.425,241,233,267,75,9
"robust","16195","Dontayvion Wicks","PHI","WR",63.7375,7.413,0.637499999999996,56.7,80.075,-52.9125,-48.16,-63.425,242,233,267,77,12
"weighted","16617","Keon Coleman","BUF","WR",54.3476439790576,10.8489608321387,1.87993019197209,41.4244103763765,66.5379511458024,-65.2870705056221,-62.455247410034,-79.7792494528744,242,239,285,93,9
"average","17512","Antonio Williams","WAS","WR",65.36,25.2155309283783,0.989999999999995,36.78,94.96,-55.785,-68.08,-48.54,243,287,236,76,9
"robust","16342","DeMario Douglas","NE","WR",63.1,5.48562,0.57500000000001,48.59,70.73,-53.55,-56.27,-72.77,243,253,296,78,12
"robust","16778","Ryan Flournoy","DAL","WR",62.525,10.30407,0.849999999999994,52.685,73.52,-54.125,-52.175,-69.98,245,242,287,79,13
"average","17517","Ja'Kobi Lane","BAL","WR",64.37,29.8902074265135,1.07,24.86,91.42,-56.775,-80,-52.08,246,363,241,77,9
"robust","16201","Xavier Hutchinson","HOU","WR",61.675,10.00755,0.516666666666666,51.94,69.975,-54.975,-52.92,-73.525,246,243,297,80,13
"robust","15787","Tyquan Thornton","KC","WR",61.1583333333333,7.413,0.25833333333334,53.595,72.85,-55.4916666666667,-51.265,-70.65,247,240,289,81,13
"average","17599","Caleb Douglas","MIA","WR",63.3,25.6456624012717,0.775000000000006,27.96,81.36,-57.845,-76.9,-62.14,248,340,262,78,9
"robust","14840","Aiyuk, Brandon","SFO","WR",60.9,24.61116,0.258333333333333,45.96,75.84,-55.75,-58.9,-67.66,248,260,279,82,13
"weighted","15755","Jahan Dotson","ATL","WR",52.4677137870855,26.4019144808519,0.240415736946254,29.99808402614,89.6516175491588,-67.1670006975941,-73.8815737602705,-56.665583049518,248,292,219,94,9
"robust","13289","Mack Hollins","NE","WR",60.6416666666667,17.39584,0.384662158651651,41.66,81.735,-56.0083333333334,-63.2,-61.765,249,273,260,83,13
"average","16778","Ryan Flournoy","DAL","WR",62.525,10.025426009236,0.65925992985288,52.685,73.52,-58.62,-52.175,-69.98,250,242,287,79,9
"weighted","17502","Omar Cooper Jr.","NYJ","WR",52.2272980501393,31.9787799612503,1.5464421942834,20.617687073837,100.353796250167,-67.4074164345404,-83.2619707125735,-45.9634043485098,250,330,198,95,10
"robust","16204","Tank Dell","HOU","WR",60.257004508015,16.2240851164169,0.232004508015017,28.44,83.84,-56.392995491985,-76.42,-59.66,252,335,254,84,13
"robust","16639","Xavier Legette","CAR","WR",60.025,1.92738000000001,1.80277978955864,46.145,62.225,-56.625,-58.715,-81.275,253,259,322,85,13
"average","15788","Jalen Tolbert","MIA","WR",61.8657400701471,28.8316870391867,0.190740070147115,37.075,95.8744440420883,-59.2792599298529,-67.785,-47.6255559579118,255,286,232,80,9
"average","16201","Xavier Hutchinson","HOU","WR",61.675,9.28453014427763,0.00833333333333286,51.94,69.975,-59.47,-52.92,-73.525,256,243,297,81,9
"average","16342","DeMario Douglas","NE","WR",61.6666666666667,13.2643632841284,0.25833333333334,48.59,70.73,-59.4783333333333,-56.27,-72.77,257,253,296,82,9
"weighted","12785","Demarcus Robinson","SF","WR",50.6808558558559,18.3964200146858,0.0440491331667943,35.9074238946617,70.5005051450336,-68.9538586288238,-67.9722338917488,-75.8166954536432,257,259,275,96,10
"robust","15788","Jalen Tolbert","MIA","WR",58.2222202104414,19.4687324560002,0.247220210441363,37.075,95.8744440420883,-58.4277797895587,-67.785,-47.6255559579118,258,286,232,86,13
"weighted","16207","Andrei Iosivas","CIN","WR",50.6368067226891,11.1361880392317,0.641684771469556,40.8248827966697,61.6708660260139,-68.9979077619906,-63.0547749897408,-84.646334572663,258,241,300,97,10
"average","15787","Tyquan Thornton","KC","WR",61.4083333333333,9.85281967538002,0.508333333333333,53.595,72.85,-59.7366666666667,-51.265,-70.65,259,240,289,83,9
"average","14840","Aiyuk, Brandon","SFO","WR",60.9,23.4759451353934,0.258333333333333,45.96,75.84,-60.245,-58.9,-67.66,260,260,279,84,9
"robust","17080","Jaylin Noel","HOU","WR",57.975,17.34642,1.82499999999999,45.6,72.59,-58.675,-59.26,-70.91,260,263,290,87,13
"average","13289","Mack Hollins","NE","WR",60.6416666666667,19.0392066244602,1.11026576506367,41.66,81.735,-60.5033333333333,-63.2,-61.765,261,273,260,85,9
"average","16204","Tank Dell","HOU","WR",59.531400901603,24.3805666758489,1.02640090160299,28.44,83.84,-61.613599098397,-76.42,-59.66,262,335,254,86,9
"weighted","13633","Christian Kirk","SF","WR",49.9951219512195,35.5574385996333,1.9591539846457,12.1926083872229,76.6600924422988,-69.6395925334602,-91.6870493991876,-69.657108156378,262,372,254,98,10
"average","17511","Malachi Fields","NYG","WR",58.505,28.848074025834,0.155000000000008,28.52,95.005,-62.64,-76.34,-48.495,263,333,235,87,9
"average","17080","Jaylin Noel","HOU","WR",58.35,12.8087372523602,0.92499999999999,45.6,72.59,-62.795,-59.26,-70.91,264,263,290,88,9
"robust","17082","Pat Bryant","DEN","WR",56.15,11.897865,0.337499999999999,41.72,65.78,-60.5,-63.14,-77.72,264,272,310,88,13
"average","17503","Germie Bernard","PIT","WR",57.425,34.2526276364311,0.150000000000006,16.05,79.935,-63.72,-88.81,-63.565,265,415,268,89,9
"robust","17511","Malachi Fields","NYG","WR",55.8125,18.124785,0.937500000000007,28.52,95.005,-60.8375,-76.34,-48.495,265,333,235,89,13
"robust","16617","Keon Coleman","BUF","WR",54.875,10.52646,0.199999999999996,42.7,65.825,-61.775,-62.16,-77.675,266,270,309,90,13
"weighted","17506","Chris Bell","MIA","WR",48.0359679665738,30.3011990716246,0.783459605369806,7.30952397328682,72.4751366063698,-71.5987465181059,-96.5701338131237,-73.842063992307,266,388,264,99,10
"average","14974","Darnell Mooney","NYG","WR",57.275,18.2042806321297,0.675000000000004,44.61,79.285,-63.87,-60.25,-64.215,267,265,271,90,9
"robust","13633","Christian Kirk","SF","WR",54.675,17.49468,1.6,16.17,76.02,-61.975,-88.69,-67.48,267,413,277,91,13
"weighted","16189","Marvin Mims Jr.","DEN","WR",47.252508361204,21.0717820793591,0.559397250092907,33.4388044440613,62.4232831862688,-72.3822061234757,-70.4408533423492,-83.893917412408,268,270,298,100,10
"average","16639","Xavier Legette","CAR","WR",56.6,8.6837012078184,1.125,46.145,62.225,-64.545,-58.715,-81.275,269,259,322,91,9
"weighted","15981","KaVontae Turpin","DAL","WR",46.6931111111111,5.14715463640729,0.0931111111111065,43.5264856790688,52.3453421835921,-72.9416033735686,-60.3531721073417,-93.9718584150847,270,235,334,101,10
"average","17082","Pat Bryant","DEN","WR",55.475,10.6871710475691,0.599999999999994,41.72,65.78,-65.67,-63.14,-77.72,271,272,310,92,10
"robust","17072","Tre' Harris","LAC","WR",53.075,2.69339,1.625,50.01,99.345,-63.575,-54.85,-44.1550000000001,271,250,225,92,13
"weighted","14122","Darius Slayton","NYG","WR",46.6,NA,0.198816155988851,NA,NA,-73.0347144846797,NA,NA,271,NA,NA,102,10
"robust","15755","Jahan Dotson","ATL","WR",51.45,19.49619,0.0500000000000043,30.835,86.57,-65.2,-74.025,-56.93,272,320,249,93,13
"weighted","17073","Elic Ayomanor","TEN","WR",46.4011838440112,26.8242823540986,2.80292904470923,18.1577715119196,77.3753778920629,-73.2335306406685,-85.7218862744909,-68.9418227066139,272,346,251,103,10
"average","16617","Keon Coleman","BUF","WR",54.875,10.9928385779106,0.635000000000005,42.7,65.825,-66.27,-62.16,-77.675,273,270,309,93,10
"robust","17502","Omar Cooper Jr.","NYJ","WR",51.4,31.43112,0.0999999999999872,21.96,96.16,-65.25,-82.9,-47.34,273,378,231,94,13
"average","17502","Omar Cooper Jr.","NYJ","WR",54.24,32.9765522758217,0.314999999999998,21.96,96.16,-66.905,-82.9,-47.34,274,378,231,94,10
"robust","14974","Darnell Mooney","NYG","WR",51.3,6.07866,0.32500000000001,44.61,79.285,-65.35,-60.25,-64.215,275,265,271,95,14
"robust","16207","Andrei Iosivas","CIN","WR",50.975,13.71405,1.1,40.91,61.495,-65.675,-63.95,-82.005,276,275,325,96,14
"average","15755","Jahan Dotson","ATL","WR",53.925,27.6334790908902,2.825,30.835,86.57,-67.22,-74.025,-56.93,277,320,249,95,10
"robust","12785","Demarcus Robinson","SF","WR",49.875,15.86382,0.625,36.67,68.8,-66.775,-68.19,-74.7,281,288,303,97,14
"robust","17506","Chris Bell","MIA","WR",49.25,13.083945,1.25,9.9,72.38,-67.4,-94.96,-71.12,285,459,291,98,14
"weighted","17078","Jack Bech","LV","WR",43.5982547993019,16.4201887132679,1.14825479930192,27.1881121587211,65.9981326642955,-76.0364596853778,-76.6915456276894,-80.3190679343813,285,302,287,104,10
"average","13633","Christian Kirk","SF","WR",51.1,35.4814035799037,0.0333333333333314,16.17,76.02,-70.045,-88.69,-67.48,286,413,277,96,10
"weighted","16619","Troy Franklin","DEN","WR",42.45,22.2465354440701,0.634874927283299,22.720564439607,65.7898940335209,-77.1847144846797,-81.1590933468035,-80.5273065651559,286,323,289,105,10
"average","12785","Demarcus Robinson","SF","WR",51.0666666666667,18.3211171420668,0.0916666666666686,36.67,68.8,-70.0783333333333,-68.19,-74.7,288,288,303,97,10
"robust","16189","Marvin Mims Jr.","DEN","WR",48,22.09074,0.0249999999999915,34.59,61.41,-68.65,-70.27,-82.09,290,299,326,99,14
"weighted","17507","Zachariah Branch","ATL","WR",41.8151250727167,36.5640436590863,0.256805744985613,4.91427050077521,90.300490151981,-77.819589411963,-98.9653872856353,-56.0167104466959,290,400,214,106,10
"average","16207","Andrei Iosivas","CIN","WR",50.975,11.1257584011159,2.87,40.91,61.495,-70.17,-63.95,-82.005,291,275,325,98,10
"robust","17073","Elic Ayomanor","TEN","WR",47.975,38.5476,1.37500000000001,18.82,76,-68.675,-86.04,-67.5,291,394,278,100,14
"weighted","15319","Josh Palmer","BUF","WR",41.5583193277311,15.5091119041759,0.131578380655881,26.7225445365642,60.1583559552761,-78.0763951569486,-77.1571132498462,-86.1588446434007,293,304,305,107,10
"robust","14122","Darius Slayton","NYG","WR",46.6,NA,0.625000000000007,46.6,46.6,-70.05,-58.26,-96.9,294,257,382,101,14
"weighted","17171","Chimere Dike","TEN","WR",41.4267409470752,22.0794408268114,0.215200330828701,15.1354384477465,61.0189476420103,-78.2079735376045,-88.744219338664,-85.2982529566665,295,360,302,108,10
"weighted","13418","Kendrick Bourne","ARI","WR",41.2115406162465,13.1831548513143,0.403473389355753,30.8835401367894,58.7240616543682,-78.4231738684332,-72.9961176496211,-87.5931389443086,296,284,314,109,10
"robust","15981","KaVontae Turpin","DAL","WR",45.975,0.593039999999987,2.175,43.54,51.73,-70.675,-61.32,-91.77,297,268,362,102,14
"weighted","13066","Kalif Raymond","CHI","WR",40.8080672268908,15.2191695822115,0.37413865546219,31.5050481708871,62.4855706440063,-78.8266472577889,-72.3746096155234,-83.8316299546705,297,279,296,110,10
"average","17506","Chris Bell","MIA","WR",48.105,30.1583549783472,0.105000000000004,9.9,72.38,-73.04,-94.96,-71.12,300,459,291,99,10
"weighted","17528","Kevin Coleman Jr.","MIA","WR",40.4339285714286,13.7885822331377,0.800483755375055,29.8962627629053,48.5433020839346,-79.2007859132511,-73.9833950235052,-97.7738985147422,300,293,346,111,10
"average","16189","Marvin Mims Jr.","DEN","WR",48,21.0717820793591,0.289999999999992,34.59,61.41,-73.145,-70.27,-82.09,301,299,326,100,10
"average","17073","Elic Ayomanor","TEN","WR",47.71,26.5093002548162,1.04333333333334,18.82,76,-73.435,-86.04,-67.5,302,394,278,101,10
"robust","17078","Jack Bech","LV","WR",43.8,14.0847,0.258333333333326,28.37,64.13,-72.85,-76.49,-79.37,302,337,315,103,14
"average","15981","KaVontae Turpin","DAL","WR",46.6666666666667,5.14230817175841,0.0666666666666629,43.54,51.73,-74.4783333333334,-61.32,-91.77,303,268,362,102,10
"average","14122","Darius Slayton","NYG","WR",46.6,NA,2.1,46.6,46.6,-74.545,-58.26,-96.9,304,257,382,103,10
"robust","17507","Zachariah Branch","ATL","WR",43.5416666666667,34.44574,0.966666666666669,7.225,86.66,-73.1083333333333,-97.635,-56.84,304,474,248,104,14
"weighted","17134","Kyle Williams","NE","WR",39.6334448160535,7.99030662740798,0.677842956631423,33.8807684562135,44.8715271738962,-80.0012696686262,-69.998889330197,-101.445673424781,305,266,358,112,10
"robust","16619","Troy Franklin","DEN","WR",42.575,27.4281,0.675000000000004,24.05,64.1,-74.075,-80.81,-79.4,309,368,316,105,14
"weighted","16635","Luke McCaffrey","WAS","WR",38.9556018594221,20.1566095994349,0.0438240816443027,19.3674123451905,58.9089450344145,-80.6791126252576,-84.51224544122,-87.4082555642623,309,339,312,113,10
"robust","17171","Chimere Dike","TEN","WR",41.9,11.56428,0.349999999999994,16.26,60.98,-74.75,-88.6,-82.52,310,411,328,106,14
"weighted","15292","Dyami Brown","WAS","WR",38.9117777777778,23.1393986015372,0.0147722067471463,12.5065187908646,53.45192062856,-80.7229367069019,-91.3731389955459,-92.8652799701168,310,370,329,114,10
"weighted","17520","Ted Hurst","TB","WR",38.8970055710306,19.7889200441389,1.95005879231915,17.4417730094474,55.219656538668,-80.737708913649,-86.4378847769631,-91.0975440600089,311,351,323,115,10
"average","17078","Jack Bech","LV","WR",44.5,17.1584770108927,0.958333333333329,28.37,64.13,-76.645,-76.49,-79.37,313,337,315,104,10
"robust","15319","Josh Palmer","BUF","WR",41.55,15.34491,0.500000000000007,27.21,58.83,-75.1,-77.65,-84.67,313,348,334,107,14
"robust","15292","Dyami Brown","WAS","WR",41.05,5.78214,0.924999999999997,15.05,53.21,-75.6,-89.81,-90.29,316,422,358,108,15
"weighted","14592","Olamide Zaccheaus","ATL","WR",36.9469467787115,17.2415269744942,1.6622620940268,20.8969781941537,55.1956059137676,-82.6877677059682,-82.9826795922568,-91.1215946849092,317,329,324,116,11
"average","17507","Zachariah Branch","ATL","WR",43.5416666666667,38.0978017738557,0.341666666666669,7.225,86.66,-77.6033333333333,-97.635,-56.84,318,474,248,105,10
"average","16619","Troy Franklin","DEN","WR",43.2,22.3550889061082,0.640000000000001,24.05,64.1,-77.945,-80.81,-79.4,319,368,316,106,10
"robust","13418","Kendrick Bourne","ARI","WR",40.125,8.84618,0.774999999999999,31.0116666666667,57.065,-76.525,-73.8483333333333,-86.435,319,318,339,109,15
"robust","17134","Kyle Williams","NE","WR",39.35,8.37669,0.100000000000001,34.265,44.435,-77.3,-70.595,-99.065,322,303,389,110,15
"weighted","14315","Ashton Dulin","IND","WR",35.2846846846847,30.5653530142643,0.038354152471797,14.879391742691,69.3388938391903,-84.350029799995,-89.0002660437195,-76.9783067594865,322,363,277,117,11
"average","17171","Chimere Dike","TEN","WR",42.56,21.9162724932868,1.01,16.26,60.98,-78.585,-88.6,-82.52,323,411,328,107,10
"weighted","17098","Tory Horton","SEA","WR",35.2463305322129,15.4080216045312,0.0191036414565886,22.9363350366528,55.8499205832384,-84.3883839524668,-80.9433227497577,-90.4672800154385,323,322,321,118,11
"robust","17528","Kevin Coleman Jr.","MIA","WR",39.25,14.45535,0.570263612791699,30.475,48.025,-77.4,-74.385,-95.475,324,322,377,111,15
"weighted","17076","Isaiah Bond","CLE","WR",35.2272268907563,17.6067762910754,3.58407620582478,23.5539173712175,59.7034581547485,-84.4074875939234,-80.325740415193,-86.6137424439283,324,318,308,119,11
"robust","16635","Luke McCaffrey","WAS","WR",38.6797363872083,28.92474433535,1.57140305387497,20.6509472774417,57.4609472774417,-77.9702636127917,-84.2090527225583,-86.0390527225584,326,387,336,112,15
"average","15319","Josh Palmer","BUF","WR",41.55,15.5971151178672,0.183333333333337,27.21,58.83,-79.595,-77.65,-84.67,327,348,334,108,10
"average","13418","Kendrick Bourne","ARI","WR",41.3666666666667,13.2538464018731,0.341666666666661,31.0116666666667,57.065,-79.7783333333333,-73.8483333333333,-86.435,328,318,339,109,10
"average","13066","Kalif Raymond","CHI","WR",41.025,15.3260943056823,1.675,31.745,59.58,-80.12,-73.115,-83.92,330,314,332,110,11
"robust","14592","Olamide Zaccheaus","ATL","WR",37.1083333333333,20.06452,0.883333333333333,21.1983333333333,54.5,-79.5416666666667,-83.6616666666667,-89,335,382,351,113,15
"robust","17520","Ted Hurst","TB","WR",36.225,6.59756999999999,1.475,17.32,55.04,-80.425,-87.54,-88.46,338,403,347,114,15
"average","17134","Kyle Williams","NE","WR",39.35,7.99030662740799,0.100000000000001,34.265,44.435,-81.795,-70.595,-99.065,339,303,389,111,11
"average","17528","Kevin Coleman Jr.","MIA","WR",39.25,13.7885822331377,0.18,30.475,48.025,-81.895,-74.385,-95.475,340,322,377,112,11
"average","17520","Ted Hurst","TB","WR",39.07,19.6226782066057,0.233509075194469,17.32,55.04,-82.075,-87.54,-88.46,341,403,347,113,11
"average","16635","Luke McCaffrey","WAS","WR",38.8364909248055,20.4572081140289,0.66982425813886,20.6509472774417,57.4609472774417,-82.3085090751945,-84.2090527225583,-86.0390527225584,343,387,336,114,11
"robust","13066","Kalif Raymond","CHI","WR",34.75,2.74281,0.975000000000001,31.745,59.58,-81.9,-73.115,-83.92,343,314,332,115,15
"weighted","17353","Jahdae Walker","CHI","WR",31.6431506849315,29.2286882426742,0.834995508657691,12.2478365581869,63.9537425163175,-87.9915637997482,-91.6318212282236,-82.3634580823593,345,371,293,120,11
"average","15292","Dyami Brown","WAS","WR",38.1666666666667,23.4350876536303,1.05833333333334,15.05,53.21,-82.9783333333333,-89.81,-90.29,346,422,358,115,11
"robust","17098","Tory Horton","SEA","WR",33.775,10.18052,1.85,23.1916666666667,53.84,-82.875,-81.6683333333333,-89.66,347,373,354,116,15
"average","14592","Olamide Zaccheaus","ATL","WR",37.1083333333333,17.2313748081161,1.575,21.1983333333333,54.5,-84.0366666666667,-83.6616666666667,-89,349,382,351,116,11
"weighted","14105","Hollywood Brown","PHI","WR",30.8081551762738,7.16584022560556,1.40815517627383,23.9204996210152,37.9447263182894,-88.8265593084058,-79.9591581653953,-108.372474280387,350,314,369,121,11
"robust","14315","Ashton Dulin","IND","WR",31.925,9.6369,0.900000000000002,15.25,65.92,-84.725,-89.61,-77.58,353,420,308,117,15
"average","14315","Ashton Dulin","IND","WR",35.5333333333333,30.8003787855496,0.0916666666666686,15.25,65.92,-85.6116666666667,-89.61,-77.58,356,420,308,117,11
"robust","17076","Isaiah Bond","CLE","WR",31.025,7.413,0.0704782505629922,23.515,56.96,-85.625,-81.345,-86.54,356,371,341,118,15
"weighted","16451","Shavers, Tyrell","BUF","WR",29.4,NA,0.331999999999994,NA,NA,-90.2347144846797,NA,NA,356,NA,NA,122,11
"average","17098","Tory Horton","SEA","WR",35.4416666666667,15.4821851027417,0.0166666666666728,23.1916666666667,53.84,-85.7033333333333,-81.6683333333333,-89.66,357,373,354,118,11
"robust","14105","Hollywood Brown","PHI","WR",30.954521749437,10.7354421085694,1.55452174943701,24.4259043498874,37.4759043498874,-85.695478250563,-80.4340956501126,-106.024095650113,357,365,414,119,15
"average","17076","Isaiah Bond","CLE","WR",35.425,17.7477463358028,3.72499999999999,23.515,56.96,-85.72,-81.345,-86.54,358,371,341,119,11
"weighted","16630","Isaiah Williams","NYJ","WR",29.068,11.4257386682256,2.968,18.7986554896395,40.6088973204321,-90.5667144846797,-85.081002296771,-105.708303278245,359,343,368,123,11
"robust","16451","Shavers, Tyrell","BUF","WR",29.4,NA,1.2,29.4,29.4,-87.25,-75.46,-114.1,368,328,438,120,16
"weighted","13348","Moore, David","CAR","WR",26.1,NA,0.200000000000003,NA,NA,-93.5347144846797,NA,NA,370,NA,NA,124,11
"weighted","17184","Jaylin Lane","WAS","WR",25.9,NA,0.386622073578589,NA,NA,-93.7347144846797,NA,NA,371,NA,NA,125,11
"weighted","11679","Odell Beckham Jr.","NYG","WR",25.5133779264214,28.5671139599365,0.679637379591856,4.94628722398454,44.2406812234874,-94.1213365582583,-98.933370562426,-102.076519375189,375,399,362,126,11
"average","17353","Jahdae Walker","CHI","WR",31.7,29.3238810528211,0.746985500375331,12.57,60.63,-89.445,-92.29,-82.87,376,445,329,120,11
"robust","17353","Jahdae Walker","CHI","WR",28.2,8.45082,0.0250000000000021,12.57,60.63,-88.45,-92.29,-82.87,377,445,329,121,16
"weighted","17518","Cyrus Allen","KCC","WR",24.8337405468296,19.4410555698208,0.103640212381389,2.18097741625543,42.1941196231771,-94.8009739378501,-101.698680370155,-104.1230809755,377,410,364,127,11
"robust","16630","Isaiah Williams","NYJ","WR",28.175,12.00906,2.075,19.31,39.56,-88.475,-85.55,-103.94,378,391,408,122,16
"weighted","17519","Bryce Lance","NO","WR",24.7301003344482,0.848528137423859,0.59587811222594,24.1191966502174,25.2863568680244,-94.9046141502315,-79.7604611361931,-121.030843730652,379,313,385,128,11
"average","14105","Hollywood Brown","PHI","WR",30.9530144996247,7.25000188011176,1.55301449962467,24.4259043498874,37.4759043498874,-90.1919855003753,-80.4340956501126,-106.024095650113,382,365,414,121,11
"weighted","17254","Konata Mumpfield","LAR","WR",24.1342222222222,5.90358146115327,0.326999999999998,18.9353603540703,30.3552879953548,-95.5004922624575,-84.9442974323402,-115.961912603322,383,341,380,129,11
"weighted","17706","Malik Benson","LV","WR",23.8072222222222,15.7251012707891,1.98700000000001,6.19891006501488,35.5360732149178,-95.8274922624575,-97.6807477213956,-110.781127383759,384,390,374,130,11
"robust","13348","Moore, David","CAR","WR",26.1,NA,0.199999999999999,26.1,26.1,-90.55,-78.76,-117.4,386,354,444,123,16
"weighted","16633","Jordan Whittington","LAR","WR",21.8202222222222,5.85124470161858,1.08082129921291,15.1354316755079,25.3699502153504,-97.8144922624575,-88.7442261109026,-120.947250383326,386,361,384,131,12
"robust","17184","Jaylin Lane","WAS","WR",25.9,NA,1.2,25.9,25.9,-90.75,-78.96,-117.6,387,358,446,124,16
"average","16451","Shavers, Tyrell","BUF","WR",29.4,NA,0.699999999999999,29.4,29.4,-91.745,-75.46,-114.1,388,328,438,122,11
"weighted","16621","Devontez Walker","BAL","WR",20.7394009230093,4.88279257205138,0.552109953109639,15.3379531918081,24.6139639233475,-98.8953135616704,-88.5417045946024,-121.703236675329,388,358,387,132,12
"average","16630","Isaiah Williams","NYJ","WR",28.7,11.3960519479335,2.6,19.31,39.56,-92.445,-85.55,-103.94,391,391,408,123,11
"weighted","17079","Tez Johnson","TB","WR",20.1872909698997,22.9102597104441,1.98729096989966,5.16836456334178,36.6816904441312,-99.44742351478,-98.7112932230687,-109.635510154546,391,397,371,133,12
"robust","17519","Bryce Lance","NO","WR",24.7,0.889560000000002,0.0625,24.16,25.24,-91.95,-80.7,-118.26,392,367,448,125,16
"robust","17706","Malik Benson","LV","WR",24.6375,10.45233,0.137500000000003,7.73,35.045,-92.0125,-97.13,-108.455,394,470,420,126,16
"robust","11679","Odell Beckham Jr.","NYG","WR",24.5,29.94852,0.349999999999998,6.32,42.68,-92.15,-98.54,-100.82,396,482,397,127,16
"weighted","14118","Humphrey, Lil'Jordan","DEN","WR",18.2,NA,0.242000000000004,NA,NA,-101.43471448468,NA,NA,396,NA,NA,134,12
"robust","17254","Konata Mumpfield","LAR","WR",24.15,7.11648,0.266666666666669,19.28,29.9,-92.5,-85.58,-113.6,398,392,436,128,16
"weighted","16629","Roman Wilson","PIT","WR",17.958,17.9706695223059,0.0832513626834377,0.289250492202571,35.4037640745669,-101.67671448468,-103.590407294208,-110.91343652411,398,415,375,135,12
"robust","17518","Cyrus Allen","KCC","WR",23.8833333333333,20.7564,1.48333333333333,3.365,41.695,-92.7666666666667,-101.495,-101.805,399,509,402,129,16
"weighted","17096","Savion Williams","GB","WR",17.8747486373166,3.50826341367702,0.249665025276425,14.3301097411749,21.1964777510348,-101.759965847363,-89.5495480452356,-125.120722847642,400,365,391,136,12
"weighted","17529","Brenen Thompson","LAC","WR",17.6250836120401,0.70710678118655,2.42508361204013,17.1159972085145,18.0886307233537,-102.00963087264,-86.763660577896,-128.228569875323,402,353,399,137,12
"average","13348","Moore, David","CAR","WR",26.1,NA,0.199999999999999,26.1,26.1,-95.045,-78.76,-117.4,403,354,444,124,11
"average","17184","Jaylin Lane","WAS","WR",25.9,NA,1.2,25.9,25.9,-95.245,-78.96,-117.6,405,358,446,125,11
"robust","16633","Jordan Whittington","LAR","WR",22.4,1.03782,1.4,15.79,25.33,-94.25,-89.07,-118.17,405,417,447,130,16
"average","17519","Bryce Lance","NO","WR",24.7,0.848528137423859,0.200000000000003,24.16,25.24,-96.445,-80.7,-118.26,407,367,448,126,11
"average","11679","Odell Beckham Jr.","NYG","WR",24.5,28.5671139599365,0.166666666666664,6.32,42.68,-96.645,-98.54,-100.82,409,482,397,127,11
"average","17254","Konata Mumpfield","LAR","WR",24.3333333333333,5.93408234972631,0.450000000000003,19.28,29.9,-96.8116666666667,-85.58,-113.6,410,392,436,128,11
"weighted","15301","Tutu Atwell","LAR","WR",15.2,2.51531513806963e-15,1.43460098619329,15.2,15.2,-104.43471448468,-88.6796577864105,-131.117200598677,411,359,401,138,12
"robust","17079","Tez Johnson","TB","WR",21,24.01812,0.0346165116108708,6.42,35.58,-95.65,-98.44,-107.92,412,480,419,131,16
"average","17518","Cyrus Allen","KCC","WR",23.8833333333333,19.2846225440548,0.599999999999998,3.365,41.695,-97.2616666666667,-101.495,-101.805,413,509,402,129,12
"robust","16621","Devontez Walker","BAL","WR",20.9653834883891,3.95740488022855,2.44038348838913,15.7930766976778,24.4330766976778,-95.6846165116109,-89.0669233023222,-119.066923302322,413,416,450,132,17
"weighted","15752","Treylon Burks","WAS","WR",13.7653990138067,8.87369418827037,0.065399013806708,5.29123520932864,22.5986284822691,-105.869315470873,-98.5884225770819,-123.718572116408,413,395,389,139,12
"weighted","15759","Metchie, John","CAR","WR",13.7,NA,0.4,NA,NA,-105.93471448468,NA,NA,414,NA,NA,140,12
"average","17706","Malik Benson","LV","WR",23.2833333333333,15.8835082186944,1.65,7.73,35.045,-97.8616666666667,-97.13,-108.455,415,470,420,130,12
"robust","16629","Roman Wilson","PIT","WR",18.525,24.90768,0.324999999999996,1.65,34.32,-98.125,-103.21,-109.18,415,516,423,133,17
"weighted","14845","Davis, Gabriel","BUF","WR",13.3,NA,0.5,NA,NA,-106.33471448468,NA,NA,415,NA,NA,141,12
"robust","14118","Humphrey, Lil'Jordan","DEN","WR",18.2,NA,0.372971698113211,18.2,18.2,-98.45,-86.66,-125.3,416,396,462,134,17
"weighted","15491","Skowronek, Ben","PIT","WR",12.8,NA,0.201555555555556,NA,NA,-106.83471448468,NA,NA,417,NA,NA,142,12
"average","16633","Jordan Whittington","LAR","WR",21.6333333333333,5.92818128377779,0.633333333333333,15.79,25.33,-99.5116666666667,-89.07,-118.17,418,417,447,131,12
"weighted","17205","KeAndre Lambert-Smith","LAC","WR",12.5984444444444,6.82804507608956,0.211153474544778,5.93032145518941,19.2791640627971,-107.036270040235,-97.9493363312211,-127.03803653588,418,392,395,143,12
"robust","17096","Savion Williams","GB","WR",17.8270283018868,5.03482567924528,0.22702830188679,14.5704056603774,20.9604056603774,-98.8229716981132,-90.2895943396226,-122.539594339623,419,429,455,135,17
"robust","17529","Brenen Thompson","LAC","WR",17.6,0.741300000000003,2.4,17.15,18.05,-99.05,-87.71,-125.45,420,405,463,136,17
"weighted","17234","Jimmy Horn Jr.","CAR","WR",12.3872909698997,1.76776695296637,0.706020066889632,11.2284231916159,13.6600069787138,-107.24742351478,-92.6512345947946,-132.657193619963,420,375,405,144,12
"average","17079","Tez Johnson","TB","WR",21,22.9102597104441,0.389744341073914,6.42,35.58,-100.145,-98.44,-107.92,421,480,419,132,12
"average","16621","Devontez Walker","BAL","WR",20.6102556589261,4.95513766742253,2.31025565892608,15.7930766976778,24.4330766976778,-100.534744341074,-89.0669233023222,-119.066923302322,422,416,450,133,12
"weighted","16428","Xavier Smith","LAR","WR",11.68127090301,10.3944696834423,0.319397993311037,4.86712836670136,19.1648410348373,-107.95344358167,-99.0125294197091,-127.15235956384,424,401,396,145,12
"weighted","16636","Malachi Corley","CLE","WR",11.361872909699,5.30330085889911,0.161872909698996,7.88526957484763,15.1800209361415,-108.272841574981,-95.9943882115628,-131.137179662535,425,386,402,146,12
"weighted","17333","Cooper, Darius","PHI","WR",11.2,NA,0.200000000000001,NA,NA,-108.43471448468,NA,NA,426,NA,NA,147,12
"robust","15301","Tutu Atwell","LAR","WR",15.2,0,1.5,15.2,15.2,-101.45,-89.66,-128.3,427,421,469,137,17
"weighted","15785","Bo Melton","GB","WR",11,0,0.111036789297657,11,11,-108.63471448468,-92.8796577864105,-135.317200598677,427,379,411,148,12
"weighted","17542","Colbie Young","CIN","WR",10.8889632107023,12.3743686707646,0.388963210702341,1.9799511490032,19.0010376586889,-108.745751273977,-101.899706637407,-127.316162939988,428,411,397,149,12
"average","16629","Roman Wilson","PIT","WR",18.3,18.1667278286432,0.0999999999999979,1.65,34.32,-102.845,-103.21,-109.18,429,516,423,134,12
"weighted","14503","Kennedy, Tom","DET","WR",10.5,NA,0.300000000000001,NA,NA,-109.13471448468,NA,NA,430,NA,NA,150,12
"average","14118","Humphrey, Lil'Jordan","DEN","WR",18.2,NA,0.398647798742143,18.2,18.2,-102.945,-86.66,-125.3,431,396,462,135,12
"weighted","14110","Sills, David","TBB","WR",10.2,NA,0.199999999999999,NA,NA,-109.43471448468,NA,NA,432,NA,NA,151,12
"average","17096","Savion Williams","GB","WR",17.8013522012579,3.55111407106588,0.201352201257858,14.5704056603774,20.9604056603774,-103.343647798742,-90.2895943396226,-122.539594339623,433,429,455,136,12
"robust","15759","Metchie, John","CAR","WR",13.7,NA,0.27310650887574,13.7,13.7,-102.95,-91.16,-129.8,433,436,474,138,17
"weighted","17086","Jalen Royals","KCC","WR",10,0,0.9,10,10,-109.63471448468,-93.8796577864105,-136.317200598677,433,381,412,152,12
"average","17529","Brenen Thompson","LAC","WR",17.6,0.70710678118655,2.4,17.15,18.05,-103.545,-87.71,-125.45,434,405,463,137,12
"robust","15752","Treylon Burks","WAS","WR",13.4268934911243,11.6959155798817,0.12689349112426,5.79887869822485,21.8998786982249,-103.223106508876,-99.0611213017751,-121.600121301775,434,488,454,139,17
"weighted","16422","Remigio, Nikko","KCC","WR",9.1,NA,0.400000000000002,NA,NA,-110.53471448468,NA,NA,434,NA,NA,153,12
"robust","14845","Davis, Gabriel","BUF","WR",13.3,NA,0.5,13.3,13.3,-103.35,-91.56,-130.2,435,440,478,140,17
"weighted","15766","Moore, Skyy","GBP","WR",8.7,NA,0.0291638795986611,NA,NA,-110.93471448468,NA,NA,435,NA,NA,154,12
"weighted","16299","Derius Davis","LAC","WR",8.67083612040134,5.61442784262119,0.470836120401337,4.99027205657203,12.7129821643951,-110.963878364278,-98.8893857298385,-133.604218434282,436,398,409,155,12
"robust","15491","Skowronek, Ben","PIT","WR",12.8,NA,0.350000000000001,12.8,12.8,-103.85,-92.06,-130.7,437,444,480,141,17
"robust","17234","Jimmy Horn Jr.","CAR","WR",12.45,1.85325,0.0499999999999989,11.325,13.575,-104.2,-93.535,-129.925,438,450,476,142,17
"weighted","16364","Brooks, Jalen","ARI","WR",8.2,NA,0.100000000000001,NA,NA,-111.43471448468,NA,NA,438,NA,NA,156,12
"robust","17205","KeAndre Lambert-Smith","LAC","WR",12.4,9.6369,0.35,6.35,18.77,-104.25,-98.51,-124.73,439,481,458,143,17
"weighted","16197","Mingo, Jonathan","DAL","WR",8.1,NA,0.399999999999998,NA,NA,-111.53471448468,NA,NA,439,NA,NA,157,12
"weighted","16883","Johnson, Kameron","TBB","WR",7.7,NA,0.100000000000001,NA,NA,-111.93471448468,NA,NA,440,NA,NA,158,12
"average","15301","Tutu Atwell","LAR","WR",15.2,0,1.5,15.2,15.2,-105.945,-89.66,-128.3,441,421,469,138,12
"weighted","17011","Wayne, Jared","HOU","WR",7.6,NA,0.367999999999999,NA,NA,-112.03471448468,NA,NA,441,NA,NA,159,12
"robust","16428","Xavier Smith","LAR","WR",12.05,10.89711,0.5,5.435,18.665,-104.6,-99.425,-124.835,442,492,459,144,17
"weighted","17097","Tai Felton","MIN","WR",7.232,1.58140522612426,0.0320000000000018,5.65640065738779,8.75139401004938,-112.40271448468,-98.2232571290227,-137.565806588627,442,394,414,160,12
"robust","16636","Malachi Corley","CLE","WR",11.55,5.55975,0.35,8.175,14.925,-105.1,-96.685,-128.575,443,467,471,145,17
"weighted","17521","Zavion Thomas","CHI","WR",7.2,0,0.199999999999999,7.2,7.2,-112.43471448468,-96.6796577864105,-139.117200598677,443,389,416,161,12
"robust","17333","Cooper, Darius","PHI","WR",11.2,NA,0.200000000000001,11.2,11.2,-105.45,-93.66,-132.3,444,451,484,146,17
"robust","15785","Bo Melton","GB","WR",11,0,0.499999999999998,11,11,-105.65,-93.86,-132.5,445,452,485,147,17
"weighted","16858","Tipton, Mason","NOS","WR",7,NA,8.88178419700125e-16,NA,NA,-112.63471448468,NA,NA,445,NA,NA,162,12
"weighted","13377","Patrick, Tim","NYJ","WR",7,NA,0.279598662207357,NA,NA,-112.63471448468,NA,NA,445,NA,NA,163,12
"weighted","17541","Barion Brown","NO","WR",6.72040133779264,3.39411254969543,0.620401337792643,4.27678660086945,8.94542747209752,-112.914313146887,-99.602871185541,-137.371773126579,446,403,413,164,12
"average","15759","Metchie, John","CAR","WR",13.7,NA,0.0970710059171598,13.7,13.7,-107.445,-91.16,-129.8,447,436,474,139,12
"robust","14503","Kennedy, Tom","DET","WR",10.5,NA,0.0499999999999989,10.5,10.5,-106.15,-94.36,-133,448,454,488,148,17
"average","15752","Treylon Burks","WAS","WR",13.6029289940828,8.96576192967573,0.302928994082841,5.79887869822485,21.8998786982249,-107.542071005917,-99.0611213017751,-121.600121301775,449,488,454,140,12
"robust","17542","Colbie Young","CIN","WR",10.45,12.97275,0.250000000000002,2.575,18.325,-106.2,-102.285,-125.175,449,513,461,149,17
"weighted","17087","Thornton, Dont'e","LVR","WR",6.1,NA,0.2,NA,NA,-113.53471448468,NA,NA,449,NA,NA,165,12
"average","14845","Davis, Gabriel","BUF","WR",13.3,NA,0.5,13.3,13.3,-107.845,-91.56,-130.2,450,440,478,141,12
"robust","14110","Sills, David","TBB","WR",10.2,NA,0.199999999999999,10.2,10.2,-106.45,-94.66,-133.3,450,457,489,150,17
"robust","17086","Jalen Royals","KCC","WR",10,0,0.9,10,10,-106.65,-94.86,-133.5,451,458,492,151,17
"average","15491","Skowronek, Ben","PIT","WR",12.8,NA,0.333333333333334,12.8,12.8,-108.345,-92.06,-130.7,452,444,480,142,12
"robust","16422","Remigio, Nikko","KCC","WR",9.1,NA,0.23,9.1,9.1,-107.55,-95.76,-134.4,452,461,493,152,17
"average","17205","KeAndre Lambert-Smith","LAC","WR",12.4666666666667,6.90386365257407,0.0166666666666675,6.35,18.77,-108.678333333333,-98.51,-124.73,453,481,458,143,12
"robust","16299","Derius Davis","LAC","WR",8.87,5.885922,0.170000000000002,5.297,12.443,-107.78,-99.563,-131.057,453,494,481,153,17
"weighted","16949","Tremayne, Brycen","CAR","WR",5.9,NA,0.800000000000001,NA,NA,-113.73471448468,NA,NA,453,NA,NA,166,13
"average","17234","Jimmy Horn Jr.","CAR","WR",12.45,1.76776695296637,0.399999999999999,11.325,13.575,-108.695,-93.535,-129.925,454,450,476,144,12
"robust","15766","Moore, Skyy","GBP","WR",8.7,NA,0.499999999999998,8.7,8.7,-107.95,-96.16,-134.8,454,463,495,154,17
"average","16428","Xavier Smith","LAR","WR",12.05,10.3944696834422,0.5,5.435,18.665,-109.095,-99.425,-124.835,455,492,459,145,12
"robust","16364","Brooks, Jalen","ARI","WR",8.2,NA,0.100000000000001,8.2,8.2,-108.45,-96.66,-135.3,456,466,498,155,17
"weighted","17175","Smith, Arian","NYJ","WR",5.1,NA,0.00434782608695539,NA,NA,-114.53471448468,NA,NA,456,NA,NA,167,13
"average","16636","Malachi Corley","CLE","WR",11.55,5.30330085889911,0.35,8.175,14.925,-109.595,-96.685,-128.575,457,467,471,146,12
"robust","16197","Mingo, Jonathan","DAL","WR",8.1,NA,0.399999999999999,8.1,8.1,-108.55,-96.76,-135.4,457,468,499,156,18
"weighted","12645","Laquon Treadwell","IND","WR",5.09565217391304,5.51543289325507,0.195652173913044,1.12477822641286,8.71131964215846,-114.539062310767,-102.754879559998,-137.605880956518,457,412,415,168,13
"average","17333","Cooper, Darius","PHI","WR",11.2,NA,0.200000000000001,11.2,11.2,-109.945,-93.66,-132.3,458,451,484,147,12
"average","15785","Bo Melton","GB","WR",11,0,0.499999999999998,11,11,-110.145,-93.86,-132.5,459,452,485,148,12
"robust","16883","Johnson, Kameron","TBB","WR",7.7,NA,0.100000000000001,7.7,7.7,-108.95,-97.16,-135.8,459,471,500,157,18
"weighted","15109","Westbrook-Ikhine, Nick","IND","WR",4.9,NA,0.0999999999999996,NA,NA,-114.73471448468,NA,NA,459,NA,NA,169,13
"average","14503","Kennedy, Tom","DET","WR",10.5,NA,0.0499999999999989,10.5,10.5,-110.645,-94.36,-133,460,454,488,149,12
"robust","17011","Wayne, Jared","HOU","WR",7.6,NA,0.399999999999999,7.6,7.6,-109.05,-97.26,-135.9,460,473,501,158,18
"weighted","14848","Proche, James","TEN","WR",4.8,NA,0.4,NA,NA,-114.83471448468,NA,NA,460,NA,NA,170,13
"average","17542","Colbie Young","CIN","WR",10.45,12.3743686707646,0.250000000000002,2.575,18.325,-110.695,-102.285,-125.175,461,513,461,150,12
"weighted","15288","Moore, Elijah","PHI","WR",4.4,NA,0.100000000000001,NA,NA,-115.23471448468,NA,NA,461,NA,NA,171,13
"average","14110","Sills, David","TBB","WR",10.2,NA,0.199999999999999,10.2,10.2,-110.945,-94.66,-133.3,462,457,489,151,12
"robust","17097","Tai Felton","MIN","WR",7.2,2.37216,8.88178419700125e-16,5.76,8.64,-109.45,-99.1,-134.86,462,489,496,159,18
"robust","17521","Zavion Thomas","CHI","WR",7.2,0,0.199999999999999,7.2,7.2,-109.45,-97.66,-136.3,462,475,502,160,18
"weighted","17752","Dohnte Meyers","CIN","WR",4.3,NA,0.0999999999999996,NA,NA,-115.33471448468,NA,NA,462,NA,NA,172,13
"average","17086","Jalen Royals","KCC","WR",10,0,0.9,10,10,-111.145,-94.86,-133.5,463,458,492,152,12
"weighted","17527","Cameron, Josh","JAC","WR",4.2,NA,1.36,NA,NA,-115.43471448468,NA,NA,463,NA,NA,173,13
"robust","16858","Tipton, Mason","NOS","WR",7,NA,8.88178419700125e-16,7,7,-109.65,-97.86,-136.5,464,476,503,161,18
"robust","13377","Patrick, Tim","NYJ","WR",7,NA,0.399999999999999,7,7,-109.65,-97.86,-136.5,464,476,503,162,18
"average","16422","Remigio, Nikko","KCC","WR",9.1,NA,0.23,9.1,9.1,-112.045,-95.76,-134.4,465,461,493,153,12
"robust","17541","Barion Brown","NO","WR",6.6,3.55824,0.500000000000001,4.44,8.76,-110.05,-100.42,-134.74,465,502,494,163,18
"average","16299","Derius Davis","LAC","WR",8.87,5.61442784262119,0.170000000000002,5.297,12.443,-112.275,-99.563,-131.057,466,494,481,154,12
"robust","17087","Thornton, Dont'e","LVR","WR",6.1,NA,0.2,6.1,6.1,-110.55,-98.76,-137.4,466,484,504,164,18
"average","15766","Moore, Skyy","GBP","WR",8.7,NA,0.499999999999998,8.7,8.7,-112.445,-96.16,-134.8,468,463,495,155,13
"robust","16949","Tremayne, Brycen","CAR","WR",5.9,NA,0.800000000000001,5.9,5.9,-110.75,-98.96,-137.6,468,487,505,165,18
"weighted","17508","Skyler Bell","BUF","WR",2.84,6.28828784517408e-16,0.24,2.84,2.84,-116.79471448468,-101.03965778641,-143.477200598677,468,407,418,174,13
"robust","17175","Smith, Arian","NYJ","WR",5.1,NA,0.199999999999999,5.1,5.1,-111.55,-99.76,-138.4,469,496,508,166,18
"weighted","17707","Sturdivant, J Michael","GBP","WR",2.6,NA,0.100000000000001,NA,NA,-117.03471448468,NA,NA,469,NA,NA,175,13
"average","16364","Brooks, Jalen","ARI","WR",8.2,NA,0.100000000000001,8.2,8.2,-112.945,-96.66,-135.3,470,466,498,156,13
"robust","12645","Laquon Treadwell","IND","WR",4.9,5.78214,0.0999999999999996,1.39,8.41,-111.75,-103.47,-135.09,470,517,497,167,18
"robust","15109","Westbrook-Ikhine, Nick","IND","WR",4.9,NA,0,4.9,4.9,-111.75,-99.96,-138.6,470,498,509,167,18
"weighted","15302","Eskridge, Dee","MIA","WR",2.5,NA,0.7,NA,NA,-117.13471448468,NA,NA,470,NA,NA,176,13
"average","16197","Mingo, Jonathan","DAL","WR",8.1,NA,0.399999999999999,8.1,8.1,-113.045,-96.76,-135.4,471,468,499,157,13
"robust","14848","Proche, James","TEN","WR",4.8,NA,0.4,4.8,4.8,-111.85,-100.06,-138.7,472,500,510,168,18
"average","16883","Johnson, Kameron","TBB","WR",7.7,NA,0.100000000000001,7.7,7.7,-113.445,-97.16,-135.8,473,471,500,158,13
"weighted","17192","Watkins, Jordan","SFO","WR",1.8,NA,0.7,NA,NA,-117.83471448468,NA,NA,473,NA,NA,177,13
"robust","15288","Moore, Elijah","PHI","WR",4.4,NA,0.100000000000001,4.4,4.4,-112.25,-100.46,-139.1,474,503,511,169,18
"average","17011","Wayne, Jared","HOU","WR",7.6,NA,0.4,7.6,7.6,-113.545,-97.26,-135.9,475,473,501,159,13
"robust","17752","Dohnte Meyers","CIN","WR",4.3,NA,0.0999999999999996,4.3,4.3,-112.35,-100.56,-139.2,475,504,512,170,18
"robust","17527","Cameron, Josh","JAC","WR",4.2,NA,1.36,4.2,4.2,-112.45,-100.66,-139.3,476,505,513,171,18
"weighted","16958","Miller, Ryan","MIA","WR",1.1,NA,0.4,NA,NA,-118.53471448468,NA,NA,476,NA,NA,178,13
"average","17097","Tai Felton","MIN","WR",7.2,1.6,0.199999999999999,5.76,8.64,-113.945,-99.1,-134.86,477,489,496,160,13
"average","17521","Zavion Thomas","CHI","WR",7.2,0,0,7.2,7.2,-113.945,-97.66,-136.3,477,475,502,160,13
"weighted","15767","Jones, Velus","SEA","WR",0.7,NA,0.2,NA,NA,-118.93471448468,NA,NA,477,NA,NA,179,13
"average","16858","Tipton, Mason","NOS","WR",7,NA,8.88178419700125e-16,7,7,-114.145,-97.86,-136.5,478,476,503,161,13
"average","13377","Patrick, Tim","NYJ","WR",7,NA,0.399999999999999,7,7,-114.145,-97.86,-136.5,478,476,503,162,13
"robust","17508","Skyler Bell","BUF","WR",2.84,0,0.24,2.84,2.84,-113.81,-102.02,-140.66,478,510,514,172,18
"weighted","17505","Elijah Sarratt","BAL","WR",0.5,0,0.147491638795987,0.5,0.5,-119.13471448468,-103.37965778641,-145.817200598677,478,413,419,180,13
"robust","17707","Sturdivant, J Michael","GBP","WR",2.6,NA,0.100000000000001,2.6,2.6,-114.05,-102.26,-140.9,479,512,515,173,18
"weighted","16640","Jacob Cowing","SF","WR",0.352508361204013,0.0707106781186547,0.152508361204013,0.301599720851447,0.398863072335365,-119.282206123476,-103.578058065559,-145.918337526341,479,414,420,181,13
"average","17541","Barion Brown","NO","WR",6.6,3.39411254969543,0.500000000000001,4.44,8.76,-114.545,-100.42,-134.74,480,502,494,163,13
"robust","15302","Eskridge, Dee","MIA","WR",2.5,NA,0.7,2.5,2.5,-114.15,-102.36,-141,480,514,516,174,18
"weighted","15977","Thompkins, Deven","LVR","WR",0.2,NA,0.1,NA,NA,-119.43471448468,NA,NA,480,NA,NA,182,13
"weighted","17396","Williams, Ke'Shawn","CIN","WR",0.2,NA,0,NA,NA,-119.43471448468,NA,NA,480,NA,NA,182,13
"weighted","17620","Wetjen, Kaden","PIT","WR",0.2,NA,0,NA,NA,-119.43471448468,NA,NA,480,NA,NA,182,13
"weighted","17754","Foster, Montorie","SEA","WR",0.2,NA,0,NA,NA,-119.43471448468,NA,NA,480,NA,NA,182,13
"weighted","15285","Wallace, Tylan","CLE","WR",0.1,NA,0,NA,NA,-119.53471448468,NA,NA,481,NA,NA,183,13
"weighted","17360","Price, Myles","MIN","WR",0.1,NA,0,NA,NA,-119.53471448468,NA,NA,481,NA,NA,183,13
"average","17087","Thornton, Dont'e","LVR","WR",6.1,NA,0.2,6.1,6.1,-115.045,-98.76,-137.4,482,484,504,164,13
"robust","17192","Watkins, Jordan","SFO","WR",1.8,NA,0.7,1.8,1.8,-114.85,-103.06,-141.7,482,515,519,175,18
"average","16949","Tremayne, Brycen","CAR","WR",5.9,NA,0.800000000000001,5.9,5.9,-115.245,-98.96,-137.6,484,487,505,165,13
"robust","16958","Miller, Ryan","MIA","WR",1.1,NA,0.4,1.1,1.1,-115.55,-103.76,-142.4,485,518,522,176,18
"average","17175","Smith, Arian","NYJ","WR",5.1,NA,0.199999999999999,5.1,5.1,-116.045,-99.76,-138.4,486,496,508,166,13
"robust","15767","Jones, Velus","SEA","WR",0.7,NA,0.2,0.7,0.7,-115.95,-104.16,-142.8,487,519,524,177,18
"average","12645","Laquon Treadwell","IND","WR",4.9,5.51543289325507,0.0999999999999996,1.39,8.41,-116.245,-103.47,-135.09,488,517,497,167,13
"average","15109","Westbrook-Ikhine, Nick","IND","WR",4.9,NA,0,4.9,4.9,-116.245,-99.96,-138.6,488,498,509,167,13
"robust","17505","Elijah Sarratt","BAL","WR",0.5,0,0.15,0.5,0.5,-116.15,-104.36,-143,488,520,526,178,18
"average","14848","Proche, James","TEN","WR",4.8,NA,0.4,4.8,4.8,-116.345,-100.06,-138.7,489,500,510,168,13
"robust","16640","Jacob Cowing","SF","WR",0.35,0.07413,0.15,0.305,0.395,-116.3,-104.555,-143.105,490,521,528,179,18
"average","15288","Moore, Elijah","PHI","WR",4.4,NA,0.100000000000001,4.4,4.4,-116.745,-100.46,-139.1,491,503,511,169,13
"robust","15977","Thompkins, Deven","LVR","WR",0.2,NA,0.1,0.2,0.2,-116.45,-104.66,-143.3,492,522,529,180,18
"robust","17396","Williams, Ke'Shawn","CIN","WR",0.2,NA,0,0.2,0.2,-116.45,-104.66,-143.3,492,522,529,180,18
"robust","17620","Wetjen, Kaden","PIT","WR",0.2,NA,0,0.2,0.2,-116.45,-104.66,-143.3,492,522,529,180,18
"robust","17754","Foster, Montorie","SEA","WR",0.2,NA,0,0.2,0.2,-116.45,-104.66,-143.3,492,522,529,180,18
"average","17752","Dohnte Meyers","CIN","WR",4.3,NA,0.0999999999999996,4.3,4.3,-116.845,-100.56,-139.2,493,504,512,170,13
"average","17527","Cameron, Josh","JAC","WR",4.2,NA,1.36,4.2,4.2,-116.945,-100.66,-139.3,494,505,513,171,13
"robust","15285","Wallace, Tylan","CLE","WR",0.1,NA,0,0.1,0.1,-116.55,-104.76,-143.4,494,523,530,181,18
"robust","17360","Price, Myles","MIN","WR",0.1,NA,0,0.1,0.1,-116.55,-104.76,-143.4,494,523,530,181,18
"average","17508","Skyler Bell","BUF","WR",2.84,0,0.24,2.84,2.84,-118.305,-102.02,-140.66,499,510,514,172,13
"average","17707","Sturdivant, J Michael","GBP","WR",2.6,NA,0.100000000000001,2.6,2.6,-118.545,-102.26,-140.9,502,512,515,173,13
"average","15302","Eskridge, Dee","MIA","WR",2.5,NA,0.7,2.5,2.5,-118.645,-102.36,-141,503,514,516,174,13
"average","17192","Watkins, Jordan","SFO","WR",1.8,NA,0.7,1.8,1.8,-119.345,-103.06,-141.7,504,515,519,175,13
"average","16958","Miller, Ryan","MIA","WR",1.1,NA,0.4,1.1,1.1,-120.045,-103.76,-142.4,505,518,522,176,13
"average","15767","Jones, Velus","SEA","WR",0.7,NA,0.2,0.7,0.7,-120.445,-104.16,-142.8,506,519,524,177,13
"average","17505","Elijah Sarratt","BAL","WR",0.5,0,0.15,0.5,0.5,-120.645,-104.36,-143,507,520,526,178,13
"average","16640","Jacob Cowing","SF","WR",0.35,0.0707106781186547,0.15,0.305,0.395,-120.795,-104.555,-143.105,508,521,528,179,13
"average","15977","Thompkins, Deven","LVR","WR",0.2,NA,0.1,0.2,0.2,-120.945,-104.66,-143.3,509,522,529,180,13
"average","17396","Williams, Ke'Shawn","CIN","WR",0.2,NA,0,0.2,0.2,-120.945,-104.66,-143.3,509,522,529,180,13
"average","17620","Wetjen, Kaden","PIT","WR",0.2,NA,0,0.2,0.2,-120.945,-104.66,-143.3,509,522,529,180,13
"average","17754","Foster, Montorie","SEA","WR",0.2,NA,0,0.2,0.2,-120.945,-104.66,-143.3,509,522,529,180,13
"average","15285","Wallace, Tylan","CLE","WR",0.1,NA,0,0.1,0.1,-121.045,-104.76,-143.4,510,523,530,181,13
"average","17360","Price, Myles","MIN","WR",0.1,NA,0,0.1,0.1,-121.045,-104.76,-143.4,510,523,530,181,13
